,Forma
0,debito
1,credito
2,boleto
3,debito
4,credito
5,credito
6,debito
7,credito
8,credito
9,credito
10,boleto
11,credito
12,credito
13,credito
14,debito
15,boleto
16,credito
17,boleto
18,pix
19,credito
20,credito
21,credito
22,pix
23,credito
24,credito
25,pix
26,debito
27,credito
28,pix
29,pix
30,credito
31,debito
32,credito
33,pix
34,credito
35,credito
36,credito
37,pix
38,credito
39,credito
40,credito
41,credito
42,credito
43,credito
44,boleto
45,credito
46,credito
47,dinheiro
48,debito
49,credito
50,credito
51,credito
52,credito
53,credito
54,credito
55,credito
56,credito
57,credito
58,credito
59,credito
60,credito
61,pix
62,credito
63,credito
64,credito
65,credito
66,pix
67,credito
68,credito
69,credito
70,debito
71,debito
72,boleto
73,credito
74,pix
75,credito
76,dinheiro
77,boleto
78,pix
79,dinheiro
80,pix
81,credito
82,debito
83,pix
84,credito
85,debito
86,credito
87,debito
88,credito
89,credito
90,credito
91,credito
92,credito
93,boleto
94,pix
95,credito
96,credito
97,credito
98,boleto
99,credito
100,credito
101,credito
102,credito
103,credito
104,credito
105,credito
106,credito
107,credito
108,credito
109,pix
110,debito
111,credito
112,credito
113,pix
114,boleto
115,credito
116,debito
117,pix
118,credito
119,boleto
120,credito
121,credito
122,boleto
123,credito
124,credito
125,credito
126,credito
127,debito
128,credito
129,credito
130,credito
131,pix
132,credito
133,debito
134,pix
135,credito
136,debito
137,dinheiro
138,pix
139,credito
140,pix
141,credito
142,dinheiro
143,credito
144,credito
145,credito
146,pix
147,debito
148,boleto
149,credito
150,debito
151,credito
152,pix
153,credito
154,credito
155,debito
156,credito
157,pix
158,credito
159,credito
160,pix
161,credito
162,credito
163,credito
164,credito
165,pix
166,credito
167,credito
168,credito
169,dinheiro
170,credito
171,credito
172,debito
173,boleto
174,credito
175,credito
176,boleto
177,credito
178,credito
179,credito
180,boleto
181,pix
182,credito
183,credito
184,credito
185,credito
186,credito
187,dinheiro
188,boleto
189,credito
190,credito
191,credito
192,debito
193,boleto
194,debito
195,credito
196,credito
197,credito
198,debito
199,credito
200,credito
201,pix
202,credito
203,boleto
204,pix
205,credito
206,pix
207,boleto
208,dinheiro
209,credito
210,boleto
211,debito
212,credito
213,credito
214,credito
215,debito
216,debito
217,pix
218,dinheiro
219,credito
220,boleto
221,credito
222,pix
223,credito
224,dinheiro
225,credito
226,credito
227,credito
228,boleto
229,dinheiro
230,pix
231,pix
232,dinheiro
233,debito
234,credito
235,credito
236,credito
237,credito
238,credito
239,boleto
240,credito
241,credito
242,credito
243,credito
244,credito
245,credito
246,credito
247,debito
248,debito
249,debito
250,pix
251,credito
252,credito
253,dinheiro
254,credito
255,credito
256,credito
257,credito
258,credito
259,debito
260,debito
261,debito
262,boleto
263,dinheiro
264,debito
265,credito
266,credito
267,credito
268,boleto
269,credito
270,credito
271,pix
272,boleto
273,credito
274,boleto
275,pix
276,credito
277,boleto
278,credito
279,credito
280,dinheiro
281,credito
282,boleto
283,credito
284,credito
285,credito
286,debito
287,dinheiro
288,pix
289,debito
290,credito
291,credito
292,pix
293,credito
294,credito
295,credito
296,credito
297,credito
298,credito
299,boleto
300,boleto
301,credito
302,pix
303,pix
304,pix
305,pix
306,credito
307,boleto
308,credito
309,credito
310,credito
311,debito
312,credito
313,credito
314,boleto
315,credito
316,debito
317,credito
318,credito
319,debito
320,pix
321,credito
322,pix
323,boleto
324,pix
325,credito
326,credito
327,credito
328,debito
329,credito
330,credito
331,credito
332,credito
333,credito
334,debito
335,credito
336,credito
337,debito
338,credito
339,boleto
340,credito
341,credito
342,credito
343,pix
344,credito
345,credito
346,credito
347,credito
348,credito
349,dinheiro
350,pix
351,credito
352,credito
353,dinheiro
354,credito
355,pix
356,credito
357,dinheiro
358,credito
359,debito
360,credito
361,credito
362,credito
363,boleto
364,debito
365,credito
366,debito
367,credito
368,debito
369,pix
370,pix
371,credito
372,dinheiro
373,dinheiro
374,credito
375,pix
376,credito
377,boleto
378,credito
379,debito
380,debito
381,debito
382,pix
383,debito
384,boleto
385,credito
386,debito
387,credito
388,debito
389,credito
390,debito
391,credito
392,boleto
393,credito
394,credito
395,credito
396,credito
397,credito
398,credito
399,credito
400,boleto
401,credito
402,dinheiro
403,credito
404,dinheiro
405,pix
406,credito
407,credito
408,credito
409,credito
410,pix
411,credito
412,boleto
413,credito
414,pix
415,credito
416,boleto
417,credito
418,credito
419,pix
420,credito
421,boleto
422,debito
423,credito
424,pix
425,credito
426,credito
427,credito
428,pix
429,credito
430,credito
431,boleto
432,debito
433,credito
434,credito
435,credito
436,credito
437,credito
438,pix
439,pix
440,credito
441,pix
442,credito
443,credito
444,credito
445,credito
446,debito
447,pix
448,boleto
449,pix
450,pix
451,credito
452,credito
453,pix
454,credito
455,credito
456,debito
457,credito
458,credito
459,credito
460,boleto
461,pix
462,credito
463,debito
464,pix
465,credito
466,boleto
467,credito
468,credito
469,boleto
470,pix
471,credito
472,credito
473,boleto
474,credito
475,debito
476,credito
477,boleto
478,credito
479,credito
480,credito
481,boleto
482,credito
483,credito
484,credito
485,credito
486,debito
487,boleto
488,pix
489,boleto
490,credito
491,credito
492,credito
493,credito
494,credito
495,dinheiro
496,credito
497,dinheiro
498,credito
499,credito
500,debito
501,credito
502,boleto
503,credito
504,debito
505,debito
506,boleto
507,credito
508,credito
509,pix
510,credito
511,credito
512,credito
513,credito
514,debito
515,boleto
516,credito
517,credito
518,credito
519,credito
520,credito
521,credito
522,pix
523,boleto
524,pix
525,credito
526,credito
527,credito
528,credito
529,credito
530,boleto
531,credito
532,dinheiro
533,credito
534,credito
535,debito
536,pix
537,debito
538,debito
539,debito
540,boleto
541,boleto
542,credito
543,credito
544,credito
545,dinheiro
546,pix
547,boleto
548,credito
549,pix
550,credito
551,credito
552,debito
553,credito
554,credito
555,credito
556,credito
557,pix
558,credito
559,pix
560,dinheiro
561,credito
562,credito
563,debito
564,boleto
565,boleto
566,credito
567,dinheiro
568,credito
569,credito
570,debito
571,dinheiro
572,credito
573,boleto
574,credito
575,debito
576,pix
577,debito
578,credito
579,credito
580,credito
581,pix
582,credito
583,boleto
584,boleto
585,credito
586,credito
587,credito
588,credito
589,pix
590,credito
591,debito
592,debito
593,debito
594,credito
595,credito
596,credito
597,credito
598,credito
599,credito
600,debito
601,credito
602,boleto
603,pix
604,credito
605,debito
606,credito
607,credito
608,credito
609,credito
610,pix
611,credito
612,credito
613,debito
614,boleto
615,pix
616,credito
617,credito
618,credito
619,credito
620,pix
621,credito
622,credito
623,debito
624,credito
625,credito
626,debito
627,credito
628,credito
629,debito
630,boleto
631,credito
632,credito
633,credito
634,boleto
635,dinheiro
636,credito
637,credito
638,pix
639,credito
640,pix
641,credito
642,credito
643,credito
644,debito
645,credito
646,credito
647,credito
648,credito
649,credito
650,pix
651,credito
652,credito
653,credito
654,credito
655,boleto
656,credito
657,dinheiro
658,pix
659,pix
660,boleto
661,credito
662,credito
663,debito
664,credito
665,credito
666,credito
667,credito
668,credito
669,dinheiro
670,credito
671,pix
672,credito
673,credito
674,credito
675,pix
676,pix
677,credito
678,credito
679,credito
680,pix
681,boleto
682,pix
683,credito
684,credito
685,debito
686,credito
687,credito
688,credito
689,pix
690,credito
691,credito
692,credito
693,credito
694,boleto
695,pix
696,pix
697,credito
698,credito
699,dinheiro
700,pix
701,credito
702,debito
703,credito
704,credito
705,dinheiro
706,credito
707,credito
708,credito
709,debito
710,credito
711,debito
712,debito
713,debito
714,pix
715,debito
716,debito
717,credito
718,credito
719,credito
720,credito
721,credito
722,credito
723,credito
724,pix
725,boleto
726,credito
727,debito
728,credito
729,credito
730,credito
731,pix
732,credito
733,credito
734,boleto
735,credito
736,credito
737,debito
738,boleto
739,credito
740,debito
741,pix
742,credito
743,credito
744,boleto
745,pix
746,credito
747,credito
748,dinheiro
749,debito
750,credito
751,debito
752,credito
753,pix
754,credito
755,credito
756,debito
757,credito
758,debito
759,boleto
760,credito
761,boleto
762,credito
763,credito
764,credito
765,credito
766,pix
767,credito
768,credito
769,debito
770,credito
771,boleto
772,credito
773,dinheiro
774,pix
775,debito
776,credito
777,credito
778,pix
779,credito
780,debito
781,credito
782,pix
783,credito
784,debito
785,credito
786,credito
787,credito
788,credito
789,credito
790,debito
791,credito
792,pix
793,dinheiro
794,credito
795,credito
796,credito
797,credito
798,credito
799,pix
800,dinheiro
801,credito
802,credito
803,credito
804,boleto
805,pix
806,credito
807,credito
808,credito
809,credito
810,credito
811,boleto
812,credito
813,credito
814,credito
815,credito
816,credito
817,credito
818,boleto
819,pix
820,pix
821,boleto
822,debito
823,credito
824,credito
825,credito
826,pix
827,pix
828,pix
829,credito
830,credito
831,credito
832,debito
833,pix
834,credito
835,credito
836,credito
837,boleto
838,credito
839,credito
840,credito
841,credito
842,credito
843,credito
844,credito
845,boleto
846,credito
847,debito
848,boleto
849,pix
850,credito
851,pix
852,credito
853,credito
854,credito
855,pix
856,credito
857,credito
858,credito
859,credito
860,boleto
861,credito
862,credito
863,credito
864,dinheiro
865,debito
866,credito
867,dinheiro
868,credito
869,pix
870,credito
871,credito
872,boleto
873,credito
874,credito
875,credito
876,credito
877,credito
878,pix
879,credito
880,boleto
881,boleto
882,credito
883,boleto
884,debito
885,debito
886,debito
887,credito
888,credito
889,credito
890,boleto
891,debito
892,credito
893,credito
894,credito
895,credito
896,credito
897,credito
898,dinheiro
899,pix
900,boleto
901,credito
902,credito
903,dinheiro
904,pix
905,credito
906,credito
907,debito
908,credito
909,credito
910,pix
911,credito
912,credito
913,debito
914,credito
915,debito
916,credito
917,credito
918,credito
919,credito
920,credito
921,boleto
922,credito
923,credito
924,credito
925,credito
926,pix
927,credito
928,credito
929,credito
930,credito
931,credito
932,credito
933,credito
934,pix
935,boleto
936,credito
937,pix
938,credito
939,pix
940,boleto
941,debito
942,credito
943,credito
944,credito
945,debito
946,credito
947,pix
948,credito
949,credito
950,pix
951,credito
952,credito
953,dinheiro
954,credito
955,credito
956,credito
957,credito
958,credito
959,pix
960,pix
961,pix
962,boleto
963,credito
964,credito
965,pix
966,credito
967,pix
968,credito
969,credito
970,credito
971,credito
972,pix
973,credito
974,credito
975,pix
976,debito
977,credito
978,credito
979,credito
980,credito
981,debito
982,credito
983,credito
984,credito
985,boleto
986,debito
987,credito
988,boleto
989,credito
990,pix
991,credito
992,credito
993,boleto
994,debito
995,pix
996,credito
997,pix
998,boleto
999,credito
1000,debito
1001,boleto
1002,pix
1003,credito
1004,credito
1005,dinheiro
1006,credito
1007,credito
1008,credito
1009,credito
1010,credito
1011,credito
1012,pix
1013,credito
1014,credito
1015,debito
1016,debito
1017,credito
1018,debito
1019,credito
1020,debito
1021,boleto
1022,pix
1023,credito
1024,credito
1025,boleto
1026,pix
1027,credito
1028,boleto
1029,credito
1030,debito
1031,pix
1032,credito
1033,credito
1034,credito
1035,credito
1036,pix
1037,debito
1038,credito
1039,credito
1040,pix
1041,credito
1042,debito
1043,credito
1044,credito
1045,debito
1046,pix
1047,credito
1048,pix
1049,pix
1050,debito
1051,boleto
1052,credito
1053,credito
1054,credito
1055,credito
1056,boleto
1057,credito
1058,credito
1059,credito
1060,boleto
1061,debito
1062,pix
1063,boleto
1064,debito
1065,credito
1066,debito
1067,credito
1068,pix
1069,credito
1070,debito
1071,credito
1072,credito
1073,credito
1074,credito
1075,credito
1076,credito
1077,debito
1078,dinheiro
1079,debito
1080,credito
1081,boleto
1082,credito
1083,credito
1084,debito
1085,dinheiro
1086,credito
1087,pix
1088,credito
1089,boleto
1090,credito
1091,pix
1092,boleto
1093,dinheiro
1094,credito
1095,pix
1096,credito
1097,credito
1098,credito
1099,credito
1100,credito
1101,credito
1102,boleto
1103,credito
1104,boleto
1105,credito
1106,credito
1107,debito
1108,credito
1109,credito
1110,credito
1111,dinheiro
1112,credito
1113,debito
1114,debito
1115,credito
1116,credito
1117,debito
1118,credito
1119,debito
1120,dinheiro
1121,dinheiro
1122,credito
1123,credito
1124,credito
1125,credito
1126,credito
1127,credito
1128,credito
1129,credito
1130,debito
1131,debito
1132,credito
1133,credito
1134,pix
1135,credito
1136,credito
1137,pix
1138,credito
1139,credito
1140,pix
1141,dinheiro
1142,pix
1143,debito
1144,credito
1145,credito
1146,debito
1147,credito
1148,credito
1149,credito
1150,credito
1151,pix
1152,credito
1153,pix
1154,pix
1155,dinheiro
1156,pix
1157,credito
1158,debito
1159,credito
1160,debito
1161,credito
1162,credito
1163,credito
1164,pix
1165,credito
1166,credito
1167,boleto
1168,credito
1169,credito
1170,credito
1171,debito
1172,credito
1173,boleto
1174,credito
1175,boleto
1176,credito
1177,boleto
1178,debito
1179,debito
1180,credito
1181,credito
1182,pix
1183,pix
1184,credito
1185,dinheiro
1186,credito
1187,pix
1188,boleto
1189,credito
1190,debito
1191,credito
1192,credito
1193,debito
1194,credito
1195,credito
1196,credito
1197,boleto
1198,pix
1199,debito
1200,credito
1201,debito
1202,debito
1203,pix
1204,credito
1205,dinheiro
1206,credito
1207,credito
1208,credito
1209,debito
1210,pix
1211,credito
1212,credito
1213,pix
1214,credito
1215,credito
1216,credito
1217,debito
1218,credito
1219,debito
1220,credito
1221,credito
1222,credito
1223,pix
1224,credito
1225,credito
1226,dinheiro
1227,pix
1228,debito
1229,credito
1230,credito
1231,credito
1232,dinheiro
1233,credito
1234,debito
1235,credito
1236,debito
1237,debito
1238,boleto
1239,pix
1240,credito
1241,credito
1242,credito
1243,credito
1244,dinheiro
1245,credito
1246,credito
1247,credito
1248,boleto
1249,credito
1250,dinheiro
1251,debito
1252,pix
1253,debito
1254,credito
1255,credito
1256,credito
1257,pix
1258,dinheiro
1259,credito
1260,boleto
1261,credito
1262,credito
1263,credito
1264,credito
1265,debito
1266,boleto
1267,credito
1268,boleto
1269,pix
1270,credito
1271,credito
1272,debito
1273,credito
1274,credito
1275,credito
1276,debito
1277,boleto
1278,dinheiro
1279,credito
1280,credito
1281,credito
1282,credito
1283,debito
1284,credito
1285,pix
1286,credito
1287,credito
1288,credito
1289,credito
1290,credito
1291,credito
1292,debito
1293,debito
1294,debito
1295,credito
1296,credito
1297,boleto
1298,pix
1299,credito
1300,credito
1301,credito
1302,credito
1303,credito
1304,credito
1305,pix
1306,boleto
1307,credito
1308,pix
1309,credito
1310,credito
1311,credito
1312,pix
1313,boleto
1314,credito
1315,credito
1316,credito
1317,credito
1318,credito
1319,boleto
1320,debito
1321,dinheiro
1322,debito
1323,pix
1324,credito
1325,credito
1326,debito
1327,credito
1328,dinheiro
1329,boleto
1330,pix
1331,boleto
1332,credito
1333,credito
1334,pix
1335,debito
1336,credito
1337,pix
1338,credito
1339,credito
1340,pix
1341,credito
1342,credito
1343,pix
1344,credito
1345,pix
1346,boleto
1347,debito
1348,credito
1349,credito
1350,debito
1351,boleto
1352,debito
1353,boleto
1354,pix
1355,credito
1356,boleto
1357,credito
1358,credito
1359,pix
1360,credito
1361,credito
1362,pix
1363,credito
1364,credito
1365,credito
1366,debito
1367,credito
1368,debito
1369,credito
1370,credito
1371,pix
1372,dinheiro
1373,debito
1374,credito
1375,credito
1376,credito
1377,credito
1378,credito
1379,credito
1380,credito
1381,pix
1382,credito
1383,boleto
1384,credito
1385,credito
1386,credito
1387,dinheiro
1388,credito
1389,credito
1390,dinheiro
1391,credito
1392,credito
1393,credito
1394,boleto
1395,pix
1396,credito
1397,debito
1398,credito
1399,dinheiro
1400,credito
1401,pix
1402,credito
1403,credito
1404,credito
1405,credito
1406,credito
1407,credito
1408,credito
1409,credito
1410,credito
1411,credito
1412,boleto
1413,pix
1414,credito
1415,credito
1416,pix
1417,credito
1418,credito
1419,pix
1420,credito
1421,credito
1422,credito
1423,pix
1424,dinheiro
1425,credito
1426,pix
1427,debito
1428,dinheiro
1429,debito
1430,pix
1431,dinheiro
1432,dinheiro
1433,credito
1434,dinheiro
1435,credito
1436,credito
1437,boleto
1438,credito
1439,boleto
1440,debito
1441,credito
1442,credito
1443,debito
1444,credito
1445,debito
1446,debito
1447,credito
1448,debito
1449,pix
1450,debito
1451,credito
1452,credito
1453,pix
1454,pix
1455,pix
1456,boleto
1457,credito
1458,debito
1459,credito
1460,pix
1461,pix
1462,credito
1463,pix
1464,credito
1465,credito
1466,credito
1467,pix
1468,dinheiro
1469,boleto
1470,credito
1471,credito
1472,debito
1473,credito
1474,credito
1475,pix
1476,dinheiro
1477,credito
1478,boleto
1479,credito
1480,credito
1481,credito
1482,credito
1483,credito
1484,credito
1485,dinheiro
1486,dinheiro
1487,credito
1488,pix
1489,credito
1490,dinheiro
1491,pix
1492,pix
1493,credito
1494,pix
1495,credito
1496,credito
1497,credito
1498,credito
1499,credito
1500,credito
1501,credito
1502,credito
1503,pix
1504,credito
1505,credito
1506,boleto
1507,credito
1508,pix
1509,credito
1510,credito
1511,credito
1512,pix
1513,credito
1514,credito
1515,credito
1516,credito
1517,credito
1518,debito
1519,credito
1520,dinheiro
1521,pix
1522,credito
1523,pix
1524,debito
1525,credito
1526,credito
1527,credito
1528,debito
1529,credito
1530,credito
1531,credito
1532,credito
1533,credito
1534,credito
1535,pix
1536,credito
1537,credito
1538,credito
1539,pix
1540,credito
1541,credito
1542,credito
1543,credito
1544,debito
1545,pix
1546,pix
1547,credito
1548,credito
1549,credito
1550,debito
1551,credito
1552,boleto
1553,credito
1554,credito
1555,pix
1556,credito
1557,credito
1558,credito
1559,credito
1560,credito
1561,debito
1562,credito
1563,pix
1564,boleto
1565,credito
1566,credito
1567,dinheiro
1568,credito
1569,credito
1570,boleto
1571,credito
1572,debito
1573,credito
1574,pix
1575,credito
1576,credito
1577,credito
1578,credito
1579,credito
1580,credito
1581,credito
1582,credito
1583,credito
1584,debito
1585,debito
1586,credito
1587,debito
1588,debito
1589,pix
1590,credito
1591,credito
1592,credito
1593,credito
1594,boleto
1595,pix
1596,credito
1597,credito
1598,credito
1599,pix
1600,pix
1601,pix
1602,credito
1603,debito
1604,pix
1605,credito
1606,credito
1607,credito
1608,credito
1609,dinheiro
1610,credito
1611,credito
1612,credito
1613,credito
1614,dinheiro
1615,credito
1616,credito
1617,credito
1618,pix
1619,credito
1620,credito
1621,pix
1622,credito
1623,credito
1624,pix
1625,pix
1626,credito
1627,boleto
1628,credito
1629,credito
1630,credito
1631,credito
1632,credito
1633,pix
1634,credito
1635,credito
1636,credito
1637,credito
1638,credito
1639,pix
1640,credito
1641,credito
1642,pix
1643,pix
1644,credito
1645,dinheiro
1646,credito
1647,credito
1648,debito
1649,credito
1650,pix
1651,credito
1652,pix
1653,credito
1654,boleto
1655,credito
1656,credito
1657,credito
1658,credito
1659,credito
1660,debito
1661,credito
1662,credito
1663,boleto
1664,boleto
1665,credito
1666,credito
1667,debito
1668,credito
1669,credito
1670,pix
1671,pix
1672,pix
1673,credito
1674,credito
1675,credito
1676,credito
1677,credito
1678,credito
1679,credito
1680,pix
1681,pix
1682,credito
1683,debito
1684,credito
1685,credito
1686,credito
1687,credito
1688,debito
1689,debito
1690,dinheiro
1691,credito
1692,credito
1693,credito
1694,dinheiro
1695,dinheiro
1696,boleto
1697,dinheiro
1698,boleto
1699,credito
1700,debito
1701,credito
1702,credito
1703,credito
1704,credito
1705,dinheiro
1706,debito
1707,credito
1708,credito
1709,pix
1710,boleto
1711,credito
1712,credito
1713,credito
1714,pix
1715,debito
1716,credito
1717,credito
1718,debito
1719,pix
1720,debito
1721,pix
1722,debito
1723,credito
1724,boleto
1725,credito
1726,credito
1727,credito
1728,credito
1729,credito
1730,credito
1731,credito
1732,credito
1733,debito
1734,credito
1735,credito
1736,dinheiro
1737,credito
1738,boleto
1739,credito
1740,boleto
1741,boleto
1742,pix
1743,pix
1744,credito
1745,credito
1746,dinheiro
1747,credito
1748,boleto
1749,debito
1750,pix
1751,pix
1752,boleto
1753,debito
1754,credito
1755,pix
1756,credito
1757,credito
1758,credito
1759,credito
1760,credito
1761,pix
1762,credito
1763,credito
1764,dinheiro
1765,credito
1766,credito
1767,credito
1768,credito
1769,credito
1770,credito
1771,credito
1772,credito
1773,credito
1774,pix
1775,credito
1776,credito
1777,credito
1778,debito
1779,debito
1780,credito
1781,boleto
1782,boleto
1783,credito
1784,credito
1785,credito
1786,pix
1787,credito
1788,pix
1789,credito
1790,debito
1791,pix
1792,credito
1793,credito
1794,boleto
1795,credito
1796,credito
1797,credito
1798,credito
1799,credito
1800,boleto
1801,pix
1802,debito
1803,pix
1804,debito
1805,credito
1806,dinheiro
1807,debito
1808,pix
1809,boleto
1810,credito
1811,pix
1812,pix
1813,pix
1814,dinheiro
1815,debito
1816,credito
1817,credito
1818,credito
1819,credito
1820,debito
1821,credito
1822,debito
1823,credito
1824,credito
1825,debito
1826,boleto
1827,pix
1828,pix
1829,credito
1830,credito
1831,credito
1832,pix
1833,debito
1834,credito
1835,credito
1836,pix
1837,credito
1838,credito
1839,credito
1840,debito
1841,credito
1842,pix
1843,pix
1844,credito
1845,debito
1846,credito
1847,credito
1848,credito
1849,credito
1850,credito
1851,credito
1852,credito
1853,credito
1854,dinheiro
1855,debito
1856,credito
1857,credito
1858,credito
1859,dinheiro
1860,credito
1861,credito
1862,credito
1863,credito
1864,pix
1865,credito
1866,credito
1867,credito
1868,debito
1869,credito
1870,credito
1871,dinheiro
1872,credito
1873,credito
1874,credito
1875,dinheiro
1876,credito
1877,credito
1878,credito
1879,boleto
1880,boleto
1881,debito
1882,pix
1883,credito
1884,credito
1885,credito
1886,credito
1887,credito
1888,pix
1889,credito
1890,boleto
1891,credito
1892,dinheiro
1893,debito
1894,credito
1895,credito
1896,pix
1897,credito
1898,boleto
1899,pix
1900,credito
1901,credito
1902,credito
1903,credito
1904,credito
1905,credito
1906,pix
1907,pix
1908,credito
1909,debito
1910,credito
1911,credito
1912,credito
1913,credito
1914,dinheiro
1915,credito
1916,debito
1917,debito
1918,credito
1919,pix
1920,credito
1921,dinheiro
1922,credito
1923,debito
1924,debito
1925,dinheiro
1926,credito
1927,dinheiro
1928,boleto
1929,debito
1930,credito
1931,credito
1932,credito
1933,credito
1934,credito
1935,credito
1936,credito
1937,credito
1938,debito
1939,pix
1940,pix
1941,credito
1942,debito
1943,boleto
1944,credito
1945,dinheiro
1946,credito
1947,credito
1948,pix
1949,debito
1950,credito
1951,credito
1952,credito
1953,debito
1954,credito
1955,credito
1956,credito
1957,boleto
1958,dinheiro
1959,credito
1960,boleto
1961,dinheiro
1962,boleto
1963,boleto
1964,boleto
1965,credito
1966,credito
1967,credito
1968,boleto
1969,credito
1970,dinheiro
1971,boleto
1972,dinheiro
1973,pix
1974,credito
1975,pix
1976,boleto
1977,pix
1978,dinheiro
1979,credito
1980,credito
1981,pix
1982,pix
1983,boleto
1984,credito
1985,debito
1986,credito
1987,credito
1988,credito
1989,credito
1990,credito
1991,credito
1992,pix
1993,credito
1994,credito
1995,dinheiro
1996,pix
1997,credito
1998,pix
1999,debito
2000,dinheiro
2001,credito
2002,credito
2003,debito
2004,credito
2005,credito
2006,credito
2007,boleto
2008,debito
2009,credito
2010,credito
2011,credito
2012,dinheiro
2013,boleto
2014,dinheiro
2015,credito
2016,credito
2017,debito
2018,debito
2019,pix
2020,credito
2021,credito
2022,credito
2023,credito
2024,credito
2025,credito
2026,credito
2027,pix
2028,credito
2029,boleto
2030,credito
2031,debito
2032,credito
2033,credito
2034,dinheiro
2035,boleto
2036,debito
2037,debito
2038,credito
2039,credito
2040,pix
2041,pix
2042,credito
2043,dinheiro
2044,credito
2045,credito
2046,credito
2047,pix
2048,credito
2049,credito
2050,credito
2051,credito
2052,dinheiro
2053,debito
2054,credito
2055,credito
2056,credito
2057,credito
2058,debito
2059,credito
2060,credito
2061,pix
2062,pix
2063,debito
2064,credito
2065,credito
2066,credito
2067,boleto
2068,boleto
2069,credito
2070,credito
2071,credito
2072,credito
2073,boleto
2074,boleto
2075,boleto
2076,dinheiro
2077,credito
2078,credito
2079,credito
2080,credito
2081,credito
2082,credito
2083,credito
2084,credito
2085,credito
2086,credito
2087,pix
2088,credito
2089,debito
2090,pix
2091,dinheiro
2092,pix
2093,pix
2094,boleto
2095,pix
2096,credito
2097,dinheiro
2098,credito
2099,credito
2100,boleto
2101,credito
2102,credito
2103,credito
2104,pix
2105,credito
2106,credito
2107,credito
2108,boleto
2109,credito
2110,credito
2111,credito
2112,credito
2113,credito
2114,credito
2115,credito
2116,credito
2117,pix
2118,credito
2119,credito
2120,pix
2121,debito
2122,pix
2123,debito
2124,credito
2125,credito
2126,credito
2127,pix
2128,boleto
2129,credito
2130,credito
2131,debito
2132,credito
2133,pix
2134,credito
2135,credito
2136,credito
2137,boleto
2138,credito
2139,pix
2140,credito
2141,credito
2142,credito
2143,credito
2144,credito
2145,pix
2146,credito
2147,credito
2148,dinheiro
2149,credito
2150,credito
2151,credito
2152,boleto
2153,credito
2154,credito
2155,credito
2156,credito
2157,credito
2158,boleto
2159,dinheiro
2160,debito
2161,pix
2162,credito
2163,credito
2164,debito
2165,credito
2166,credito
2167,boleto
2168,credito
2169,debito
2170,credito
2171,credito
2172,pix
2173,debito
2174,credito
2175,debito
2176,credito
2177,credito
2178,credito
2179,credito
2180,boleto
2181,credito
2182,credito
2183,pix
2184,credito
2185,debito
2186,pix
2187,credito
2188,credito
2189,pix
2190,credito
2191,credito
2192,boleto
2193,pix
2194,credito
2195,pix
2196,pix
2197,credito
2198,credito
2199,credito
2200,credito
2201,credito
2202,credito
2203,credito
2204,credito
2205,credito
2206,credito
2207,boleto
2208,credito
2209,pix
2210,credito
2211,debito
2212,pix
2213,credito
2214,credito
2215,credito
2216,pix
2217,credito
2218,credito
2219,debito
2220,credito
2221,credito
2222,credito
2223,debito
2224,pix
2225,credito
2226,pix
2227,credito
2228,dinheiro
2229,boleto
2230,pix
2231,credito
2232,credito
2233,credito
2234,credito
2235,pix
2236,credito
2237,credito
2238,pix
2239,debito
2240,boleto
2241,pix
2242,credito
2243,credito
2244,credito
2245,pix
2246,credito
2247,dinheiro
2248,pix
2249,credito
2250,credito
2251,pix
2252,credito
2253,credito
2254,credito
2255,credito
2256,credito
2257,credito
2258,debito
2259,pix
2260,credito
2261,pix
2262,credito
2263,pix
2264,dinheiro
2265,boleto
2266,dinheiro
2267,boleto
2268,pix
2269,credito
2270,credito
2271,pix
2272,credito
2273,credito
2274,credito
2275,debito
2276,credito
2277,debito
2278,debito
2279,boleto
2280,credito
2281,credito
2282,credito
2283,credito
2284,dinheiro
2285,debito
2286,dinheiro
2287,pix
2288,pix
2289,pix
2290,debito
2291,dinheiro
2292,credito
2293,credito
2294,credito
2295,pix
2296,credito
2297,credito
2298,debito
2299,credito
2300,debito
2301,pix
2302,boleto
2303,debito
2304,credito
2305,pix
2306,boleto
2307,credito
2308,credito
2309,credito
2310,debito
2311,pix
2312,debito
2313,credito
2314,credito
2315,pix
2316,boleto
2317,credito
2318,credito
2319,pix
2320,credito
2321,dinheiro
2322,debito
2323,credito
2324,pix
2325,credito
2326,boleto
2327,debito
2328,credito
2329,credito
2330,credito
2331,pix
2332,credito
2333,credito
2334,credito
2335,credito
2336,debito
2337,pix
2338,credito
2339,credito
2340,credito
2341,credito
2342,credito
2343,credito
2344,debito
2345,debito
2346,boleto
2347,debito
2348,pix
2349,credito
2350,pix
2351,debito
2352,credito
2353,credito
2354,debito
2355,credito
2356,pix
2357,debito
2358,debito
2359,debito
2360,pix
2361,credito
2362,credito
2363,boleto
2364,credito
2365,credito
2366,credito
2367,credito
2368,boleto
2369,debito
2370,credito
2371,boleto
2372,credito
2373,credito
2374,credito
2375,credito
2376,credito
2377,credito
2378,credito
2379,credito
2380,credito
2381,credito
2382,credito
2383,credito
2384,credito
2385,credito
2386,credito
2387,debito
2388,dinheiro
2389,boleto
2390,credito
2391,credito
2392,credito
2393,credito
2394,pix
2395,debito
2396,credito
2397,credito
2398,credito
2399,pix
2400,credito
2401,credito
2402,pix
2403,credito
2404,debito
2405,credito
2406,credito
2407,debito
2408,credito
2409,credito
2410,pix
2411,credito
2412,credito
2413,pix
2414,credito
2415,boleto
2416,credito
2417,pix
2418,debito
2419,pix
2420,credito
2421,credito
2422,debito
2423,boleto
2424,debito
2425,credito
2426,credito
2427,debito
2428,credito
2429,debito
2430,credito
2431,dinheiro
2432,credito
2433,credito
2434,credito
2435,credito
2436,credito
2437,pix
2438,debito
2439,credito
2440,credito
2441,credito
2442,credito
2443,credito
2444,debito
2445,credito
2446,pix
2447,credito
2448,credito
2449,credito
2450,debito
2451,credito
2452,credito
2453,credito
2454,boleto
2455,pix
2456,credito
2457,boleto
2458,credito
2459,credito
2460,dinheiro
2461,credito
2462,credito
2463,boleto
2464,pix
2465,debito
2466,debito
2467,dinheiro
2468,boleto
2469,dinheiro
2470,credito
2471,credito
2472,credito
2473,boleto
2474,dinheiro
2475,credito
2476,credito
2477,credito
2478,credito
2479,credito
2480,debito
2481,pix
2482,credito
2483,credito
2484,pix
2485,credito
2486,debito
2487,boleto
2488,credito
2489,credito
2490,credito
2491,pix
2492,credito
2493,credito
2494,credito
2495,debito
2496,credito
2497,credito
2498,credito
2499,credito
2500,pix
2501,pix
2502,credito
2503,credito
2504,credito
2505,pix
2506,credito
2507,credito
2508,credito
2509,credito
2510,boleto
2511,boleto
2512,credito
2513,boleto
2514,credito
2515,pix
2516,credito
2517,credito
2518,credito
2519,credito
2520,pix
2521,debito
2522,credito
2523,pix
2524,credito
2525,credito
2526,pix
2527,credito
2528,boleto
2529,credito
2530,debito
2531,credito
2532,credito
2533,pix
2534,credito
2535,credito
2536,credito
2537,boleto
2538,credito
2539,credito
2540,credito
2541,credito
2542,credito
2543,boleto
2544,pix
2545,debito
2546,dinheiro
2547,debito
2548,debito
2549,credito
2550,debito
2551,debito
2552,credito
2553,credito
2554,debito
2555,credito
2556,credito
2557,credito
2558,debito
2559,pix
2560,pix
2561,pix
2562,pix
2563,credito
2564,credito
2565,dinheiro
2566,debito
2567,credito
2568,credito
2569,debito
2570,credito
2571,credito
2572,pix
2573,credito
2574,credito
2575,credito
2576,pix
2577,debito
2578,pix
2579,credito
2580,credito
2581,credito
2582,credito
2583,boleto
2584,credito
2585,credito
2586,pix
2587,credito
2588,pix
2589,credito
2590,dinheiro
2591,boleto
2592,debito
2593,credito
2594,pix
2595,dinheiro
2596,credito
2597,credito
2598,boleto
2599,credito
2600,credito
2601,credito
2602,credito
2603,credito
2604,credito
2605,credito
2606,credito
2607,credito
2608,credito
2609,credito
2610,pix
2611,credito
2612,credito
2613,credito
2614,credito
2615,credito
2616,credito
2617,credito
2618,pix
2619,credito
2620,credito
2621,credito
2622,credito
2623,credito
2624,credito
2625,credito
2626,pix
2627,credito
2628,boleto
2629,debito
2630,boleto
2631,credito
2632,boleto
2633,credito
2634,boleto
2635,boleto
2636,credito
2637,pix
2638,debito
2639,pix
2640,credito
2641,credito
2642,pix
2643,credito
2644,debito
2645,dinheiro
2646,pix
2647,credito
2648,credito
2649,debito
2650,dinheiro
2651,credito
2652,credito
2653,credito
2654,debito
2655,pix
2656,pix
2657,credito
2658,credito
2659,pix
2660,credito
2661,credito
2662,credito
2663,credito
2664,pix
2665,credito
2666,debito
2667,credito
2668,credito
2669,credito
2670,credito
2671,debito
2672,boleto
2673,credito
2674,debito
2675,dinheiro
2676,credito
2677,credito
2678,credito
2679,credito
2680,boleto
2681,boleto
2682,credito
2683,pix
2684,credito
2685,debito
2686,credito
2687,pix
2688,debito
2689,boleto
2690,credito
2691,credito
2692,credito
2693,pix
2694,credito
2695,debito
2696,dinheiro
2697,pix
2698,credito
2699,credito
2700,credito
2701,credito
2702,credito
2703,credito
2704,credito
2705,credito
2706,credito
2707,debito
2708,credito
2709,credito
2710,credito
2711,credito
2712,debito
2713,credito
2714,boleto
2715,pix
2716,boleto
2717,credito
2718,pix
2719,boleto
2720,credito
2721,credito
2722,credito
2723,credito
2724,boleto
2725,dinheiro
2726,credito
2727,credito
2728,credito
2729,credito
2730,credito
2731,debito
2732,credito
2733,credito
2734,credito
2735,credito
2736,credito
2737,credito
2738,credito
2739,boleto
2740,boleto
2741,credito
2742,boleto
2743,credito
2744,credito
2745,credito
2746,pix
2747,credito
2748,credito
2749,credito
2750,credito
2751,credito
2752,credito
2753,pix
2754,pix
2755,credito
2756,credito
2757,debito
2758,credito
2759,pix
2760,credito
2761,boleto
2762,credito
2763,credito
2764,credito
2765,debito
2766,debito
2767,credito
2768,dinheiro
2769,debito
2770,credito
2771,pix
2772,dinheiro
2773,debito
2774,credito
2775,credito
2776,credito
2777,credito
2778,debito
2779,credito
2780,credito
2781,pix
2782,debito
2783,debito
2784,pix
2785,credito
2786,pix
2787,credito
2788,credito
2789,credito
2790,credito
2791,debito
2792,credito
2793,boleto
2794,boleto
2795,credito
2796,pix
2797,credito
2798,credito
2799,credito
2800,pix
2801,credito
2802,credito
2803,credito
2804,credito
2805,credito
2806,pix
2807,credito
2808,credito
2809,credito
2810,credito
2811,debito
2812,pix
2813,boleto
2814,credito
2815,pix
2816,credito
2817,credito
2818,debito
2819,debito
2820,credito
2821,debito
2822,debito
2823,debito
2824,debito
2825,boleto
2826,boleto
2827,pix
2828,boleto
2829,credito
2830,credito
2831,debito
2832,credito
2833,credito
2834,pix
2835,credito
2836,credito
2837,credito
2838,credito
2839,credito
2840,boleto
2841,credito
2842,credito
2843,debito
2844,credito
2845,boleto
2846,credito
2847,credito
2848,credito
2849,credito
2850,credito
2851,credito
2852,boleto
2853,pix
2854,credito
2855,credito
2856,credito
2857,credito
2858,credito
2859,credito
2860,debito
2861,credito
2862,pix
2863,credito
2864,credito
2865,credito
2866,credito
2867,credito
2868,credito
2869,credito
2870,debito
2871,boleto
2872,credito
2873,debito
2874,pix
2875,dinheiro
2876,credito
2877,credito
2878,credito
2879,credito
2880,credito
2881,credito
2882,dinheiro
2883,credito
2884,credito
2885,credito
2886,credito
2887,pix
2888,credito
2889,credito
2890,credito
2891,credito
2892,debito
2893,credito
2894,credito
2895,credito
2896,boleto
2897,credito
2898,credito
2899,credito
2900,credito
2901,pix
2902,debito
2903,credito
2904,dinheiro
2905,dinheiro
2906,credito
2907,credito
2908,credito
2909,debito
2910,credito
2911,pix
2912,credito
2913,pix
2914,credito
2915,credito
2916,credito
2917,debito
2918,boleto
2919,credito
2920,credito
2921,credito
2922,credito
2923,credito
2924,credito
2925,credito
2926,credito
2927,credito
2928,credito
2929,credito
2930,credito
2931,boleto
2932,credito
2933,pix
2934,credito
2935,credito
2936,credito
2937,credito
2938,credito
2939,debito
2940,credito
2941,credito
2942,dinheiro
2943,boleto
2944,debito
2945,debito
2946,credito
2947,debito
2948,boleto
2949,credito
2950,credito
2951,credito
2952,credito
2953,credito
2954,boleto
2955,credito
2956,credito
2957,credito
2958,credito
2959,debito
2960,credito
2961,pix
2962,pix
2963,credito
2964,debito
2965,credito
2966,credito
2967,credito
2968,dinheiro
2969,credito
2970,credito
2971,credito
2972,pix
2973,credito
2974,credito
2975,credito
2976,credito
2977,pix
2978,credito
2979,debito
2980,debito
2981,credito
2982,pix
2983,credito
2984,credito
2985,credito
2986,pix
2987,credito
2988,credito
2989,credito
2990,credito
2991,pix
2992,debito
2993,credito
2994,debito
2995,pix
2996,dinheiro
2997,pix
2998,credito
2999,credito
3000,pix
3001,credito
3002,pix
3003,credito
3004,credito
3005,dinheiro
3006,debito
3007,credito
3008,credito
3009,debito
3010,credito
3011,credito
3012,credito
3013,credito
3014,credito
3015,debito
3016,credito
3017,credito
3018,pix
3019,credito
3020,credito
3021,credito
3022,pix
3023,credito
3024,credito
3025,credito
3026,dinheiro
3027,debito
3028,pix
3029,credito
3030,credito
3031,dinheiro
3032,credito
3033,debito
3034,credito
3035,credito
3036,credito
3037,credito
3038,debito
3039,credito
3040,debito
3041,credito
3042,credito
3043,credito
3044,boleto
3045,credito
3046,credito
3047,credito
3048,pix
3049,credito
3050,debito
3051,boleto
3052,credito
3053,debito
3054,credito
3055,credito
3056,debito
3057,boleto
3058,dinheiro
3059,dinheiro
3060,credito
3061,pix
3062,debito
3063,credito
3064,debito
3065,credito
3066,credito
3067,credito
3068,credito
3069,debito
3070,credito
3071,credito
3072,credito
3073,debito
3074,dinheiro
3075,credito
3076,credito
3077,pix
3078,credito
3079,pix
3080,credito
3081,credito
3082,credito
3083,dinheiro
3084,credito
3085,credito
3086,debito
3087,credito
3088,debito
3089,boleto
3090,credito
3091,credito
3092,debito
3093,credito
3094,pix
3095,credito
3096,credito
3097,credito
3098,credito
3099,credito
3100,credito
3101,pix
3102,debito
3103,credito
3104,credito
3105,credito
3106,boleto
3107,credito
3108,pix
3109,credito
3110,credito
3111,credito
3112,dinheiro
3113,credito
3114,boleto
3115,credito
3116,credito
3117,pix
3118,credito
3119,credito
3120,credito
3121,credito
3122,credito
3123,credito
3124,credito
3125,credito
3126,pix
3127,credito
3128,credito
3129,debito
3130,debito
3131,credito
3132,pix
3133,credito
3134,dinheiro
3135,debito
3136,credito
3137,credito
3138,boleto
3139,credito
3140,boleto
3141,credito
3142,pix
3143,credito
3144,pix
3145,credito
3146,credito
3147,pix
3148,credito
3149,credito
3150,pix
3151,credito
3152,credito
3153,credito
3154,credito
3155,credito
3156,credito
3157,credito
3158,credito
3159,credito
3160,boleto
3161,credito
3162,credito
3163,credito
3164,boleto
3165,debito
3166,credito
3167,pix
3168,pix
3169,dinheiro
3170,debito
3171,credito
3172,debito
3173,boleto
3174,debito
3175,credito
3176,dinheiro
3177,credito
3178,pix
3179,boleto
3180,credito
3181,credito
3182,dinheiro
3183,credito
3184,credito
3185,credito
3186,debito
3187,dinheiro
3188,credito
3189,credito
3190,debito
3191,pix
3192,credito
3193,boleto
3194,dinheiro
3195,debito
3196,credito
3197,pix
3198,credito
3199,debito
3200,dinheiro
3201,credito
3202,dinheiro
3203,credito
3204,credito
3205,credito
3206,credito
3207,credito
3208,debito
3209,credito
3210,credito
3211,pix
3212,credito
3213,boleto
3214,pix
3215,credito
3216,pix
3217,credito
3218,credito
3219,credito
3220,boleto
3221,credito
3222,credito
3223,credito
3224,credito
3225,pix
3226,credito
3227,boleto
3228,pix
3229,pix
3230,pix
3231,credito
3232,credito
3233,credito
3234,debito
3235,credito
3236,boleto
3237,credito
3238,debito
3239,boleto
3240,credito
3241,credito
3242,credito
3243,credito
3244,credito
3245,boleto
3246,debito
3247,pix
3248,credito
3249,debito
3250,credito
3251,debito
3252,credito
3253,credito
3254,credito
3255,credito
3256,debito
3257,credito
3258,credito
3259,credito
3260,pix
3261,credito
3262,pix
3263,credito
3264,credito
3265,credito
3266,credito
3267,credito
3268,credito
3269,pix
3270,debito
3271,credito
3272,credito
3273,credito
3274,pix
3275,credito
3276,credito
3277,credito
3278,credito
3279,credito
3280,credito
3281,boleto
3282,credito
3283,pix
3284,credito
3285,credito
3286,credito
3287,credito
3288,credito
3289,credito
3290,credito
3291,dinheiro
3292,credito
3293,credito
3294,credito
3295,pix
3296,credito
3297,boleto
3298,debito
3299,credito
3300,credito
3301,credito
3302,credito
3303,pix
3304,credito
3305,pix
3306,credito
3307,credito
3308,credito
3309,debito
3310,credito
3311,credito
3312,credito
3313,credito
3314,credito
3315,credito
3316,credito
3317,credito
3318,credito
3319,credito
3320,credito
3321,credito
3322,pix
3323,debito
3324,credito
3325,credito
3326,pix
3327,credito
3328,credito
3329,pix
3330,credito
3331,credito
3332,pix
3333,credito
3334,credito
3335,debito
3336,credito
3337,pix
3338,boleto
3339,debito
3340,credito
3341,credito
3342,debito
3343,pix
3344,credito
3345,credito
3346,credito
3347,credito
3348,credito
3349,credito
3350,dinheiro
3351,credito
3352,boleto
3353,credito
3354,credito
3355,credito
3356,credito
3357,credito
3358,credito
3359,credito
3360,credito
3361,credito
3362,boleto
3363,debito
3364,credito
3365,credito
3366,credito
3367,credito
3368,pix
3369,pix
3370,dinheiro
3371,pix
3372,credito
3373,credito
3374,credito
3375,credito
3376,credito
3377,credito
3378,pix
3379,credito
3380,credito
3381,credito
3382,pix
3383,credito
3384,debito
3385,pix
3386,credito
3387,dinheiro
3388,dinheiro
3389,debito
3390,debito
3391,credito
3392,credito
3393,debito
3394,credito
3395,credito
3396,debito
3397,credito
3398,credito
3399,credito
3400,credito
3401,credito
3402,credito
3403,credito
3404,credito
3405,boleto
3406,dinheiro
3407,credito
3408,credito
3409,credito
3410,credito
3411,credito
3412,credito
3413,boleto
3414,boleto
3415,credito
3416,credito
3417,credito
3418,credito
3419,credito
3420,credito
3421,credito
3422,pix
3423,credito
3424,credito
3425,credito
3426,debito
3427,credito
3428,credito
3429,pix
3430,pix
3431,dinheiro
3432,boleto
3433,credito
3434,credito
3435,credito
3436,credito
3437,pix
3438,credito
3439,debito
3440,debito
3441,credito
3442,credito
3443,credito
3444,credito
3445,credito
3446,credito
3447,dinheiro
3448,debito
3449,debito
3450,pix
3451,pix
3452,dinheiro
3453,boleto
3454,credito
3455,pix
3456,pix
3457,credito
3458,credito
3459,credito
3460,debito
3461,credito
3462,credito
3463,credito
3464,pix
3465,dinheiro
3466,dinheiro
3467,credito
3468,boleto
3469,credito
3470,credito
3471,debito
3472,pix
3473,credito
3474,boleto
3475,pix
3476,credito
3477,credito
3478,credito
3479,credito
3480,pix
3481,credito
3482,debito
3483,debito
3484,debito
3485,credito
3486,credito
3487,credito
3488,pix
3489,credito
3490,pix
3491,boleto
3492,pix
3493,debito
3494,credito
3495,credito
3496,credito
3497,pix
3498,credito
3499,dinheiro
3500,credito
3501,boleto
3502,credito
3503,pix
3504,debito
3505,debito
3506,debito
3507,credito
3508,credito
3509,credito
3510,credito
3511,debito
3512,debito
3513,boleto
3514,credito
3515,pix
3516,debito
3517,credito
3518,credito
3519,credito
3520,debito
3521,pix
3522,credito
3523,debito
3524,credito
3525,pix
3526,debito
3527,credito
3528,boleto
3529,credito
3530,credito
3531,debito
3532,credito
3533,pix
3534,dinheiro
3535,credito
3536,dinheiro
3537,credito
3538,dinheiro
3539,credito
3540,pix
3541,boleto
3542,debito
3543,debito
3544,credito
3545,credito
3546,pix
3547,credito
3548,debito
3549,debito
3550,credito
3551,boleto
3552,credito
3553,dinheiro
3554,credito
3555,debito
3556,credito
3557,credito
3558,credito
3559,credito
3560,pix
3561,debito
3562,pix
3563,credito
3564,pix
3565,credito
3566,credito
3567,pix
3568,credito
3569,debito
3570,credito
3571,credito
3572,credito
3573,credito
3574,boleto
3575,credito
3576,debito
3577,credito
3578,credito
3579,credito
3580,credito
3581,credito
3582,credito
3583,credito
3584,credito
3585,debito
3586,pix
3587,pix
3588,credito
3589,pix
3590,debito
3591,credito
3592,boleto
3593,credito
3594,credito
3595,credito
3596,credito
3597,boleto
3598,credito
3599,dinheiro
3600,credito
3601,credito
3602,credito
3603,credito
3604,credito
3605,credito
3606,credito
3607,credito
3608,credito
3609,boleto
3610,dinheiro
3611,pix
3612,credito
3613,dinheiro
3614,pix
3615,credito
3616,pix
3617,credito
3618,pix
3619,debito
3620,debito
3621,credito
3622,boleto
3623,credito
3624,credito
3625,credito
3626,pix
3627,credito
3628,debito
3629,credito
3630,boleto
3631,credito
3632,credito
3633,credito
3634,boleto
3635,pix
3636,pix
3637,credito
3638,credito
3639,pix
3640,pix
3641,debito
3642,credito
3643,credito
3644,credito
3645,pix
3646,credito
3647,credito
3648,credito
3649,credito
3650,credito
3651,credito
3652,credito
3653,credito
3654,credito
3655,credito
3656,credito
3657,debito
3658,credito
3659,credito
3660,debito
3661,credito
3662,credito
3663,pix
3664,credito
3665,credito
3666,credito
3667,debito
3668,credito
3669,credito
3670,credito
3671,credito
3672,credito
3673,credito
3674,credito
3675,credito
3676,debito
3677,credito
3678,credito
3679,debito
3680,credito
3681,credito
3682,credito
3683,pix
3684,credito
3685,credito
3686,credito
3687,credito
3688,debito
3689,credito
3690,credito
3691,credito
3692,credito
3693,credito
3694,boleto
3695,credito
3696,pix
3697,credito
3698,credito
3699,boleto
3700,debito
3701,boleto
3702,dinheiro
3703,dinheiro
3704,credito
3705,credito
3706,credito
3707,credito
3708,pix
3709,credito
3710,credito
3711,pix
3712,credito
3713,pix
3714,debito
3715,credito
3716,credito
3717,debito
3718,pix
3719,credito
3720,dinheiro
3721,credito
3722,pix
3723,credito
3724,dinheiro
3725,credito
3726,dinheiro
3727,credito
3728,boleto
3729,credito
3730,credito
3731,credito
3732,debito
3733,pix
3734,credito
3735,debito
3736,credito
3737,credito
3738,credito
3739,boleto
3740,credito
3741,pix
3742,credito
3743,credito
3744,credito
3745,credito
3746,dinheiro
3747,pix
3748,credito
3749,pix
3750,debito
3751,credito
3752,pix
3753,credito
3754,credito
3755,credito
3756,credito
3757,debito
3758,boleto
3759,debito
3760,debito
3761,credito
3762,credito
3763,credito
3764,credito
3765,credito
3766,credito
3767,credito
3768,credito
3769,credito
3770,credito
3771,dinheiro
3772,credito
3773,credito
3774,credito
3775,boleto
3776,pix
3777,credito
3778,boleto
3779,dinheiro
3780,credito
3781,credito
3782,boleto
3783,credito
3784,credito
3785,boleto
3786,credito
3787,credito
3788,pix
3789,dinheiro
3790,pix
3791,credito
3792,debito
3793,debito
3794,debito
3795,debito
3796,credito
3797,pix
3798,credito
3799,pix
3800,credito
3801,debito
3802,debito
3803,credito
3804,debito
3805,credito
3806,credito
3807,credito
3808,debito
3809,pix
3810,credito
3811,debito
3812,credito
3813,credito
3814,credito
3815,credito
3816,debito
3817,credito
3818,credito
3819,credito
3820,credito
3821,credito
3822,boleto
3823,credito
3824,credito
3825,credito
3826,credito
3827,pix
3828,credito
3829,credito
3830,credito
3831,credito
3832,credito
3833,credito
3834,credito
3835,dinheiro
3836,debito
3837,credito
3838,dinheiro
3839,dinheiro
3840,credito
3841,credito
3842,credito
3843,credito
3844,dinheiro
3845,credito
3846,credito
3847,boleto
3848,credito
3849,credito
3850,pix
3851,boleto
3852,debito
3853,credito
3854,credito
3855,credito
3856,credito
3857,credito
3858,credito
3859,credito
3860,debito
3861,credito
3862,credito
3863,debito
3864,credito
3865,credito
3866,credito
3867,credito
3868,pix
3869,debito
3870,credito
3871,credito
3872,pix
3873,debito
3874,pix
3875,credito
3876,dinheiro
3877,credito
3878,credito
3879,boleto
3880,credito
3881,credito
3882,credito
3883,debito
3884,credito
3885,credito
3886,credito
3887,credito
3888,pix
3889,boleto
3890,pix
3891,credito
3892,credito
3893,boleto
3894,pix
3895,pix
3896,debito
3897,credito
3898,credito
3899,pix
3900,dinheiro
3901,credito
3902,boleto
3903,credito
3904,credito
3905,credito
3906,boleto
3907,credito
3908,dinheiro
3909,credito
3910,pix
3911,boleto
3912,credito
3913,credito
3914,credito
3915,credito
3916,debito
3917,credito
3918,debito
3919,credito
3920,debito
3921,credito
3922,pix
3923,credito
3924,credito
3925,credito
3926,credito
3927,credito
3928,credito
3929,pix
3930,credito
3931,pix
3932,debito
3933,credito
3934,credito
3935,boleto
3936,boleto
3937,credito
3938,credito
3939,credito
3940,credito
3941,credito
3942,credito
3943,credito
3944,credito
3945,dinheiro
3946,credito
3947,credito
3948,debito
3949,pix
3950,debito
3951,credito
3952,debito
3953,dinheiro
3954,debito
3955,credito
3956,boleto
3957,credito
3958,credito
3959,debito
3960,debito
3961,credito
3962,debito
3963,credito
3964,credito
3965,credito
3966,credito
3967,credito
3968,credito
3969,credito
3970,credito
3971,credito
3972,credito
3973,credito
3974,debito
3975,credito
3976,boleto
3977,credito
3978,boleto
3979,credito
3980,debito
3981,credito
3982,boleto
3983,dinheiro
3984,boleto
3985,dinheiro
3986,debito
3987,debito
3988,credito
3989,boleto
3990,credito
3991,credito
3992,credito
3993,pix
3994,credito
3995,credito
3996,credito
3997,credito
3998,pix
3999,pix
4000,pix
4001,credito
4002,credito
4003,credito
4004,credito
4005,credito
4006,credito
4007,credito
4008,credito
4009,debito
4010,credito
4011,credito
4012,credito
4013,credito
4014,credito
4015,credito
4016,credito
4017,debito
4018,credito
4019,credito
4020,credito
4021,credito
4022,debito
4023,dinheiro
4024,credito
4025,pix
4026,pix
4027,credito
4028,pix
4029,pix
4030,credito
4031,credito
4032,credito
4033,credito
4034,credito
4035,credito
4036,dinheiro
4037,credito
4038,credito
4039,dinheiro
4040,credito
4041,credito
4042,credito
4043,pix
4044,credito
4045,credito
4046,boleto
4047,boleto
4048,dinheiro
4049,credito
4050,credito
4051,dinheiro
4052,boleto
4053,credito
4054,debito
4055,credito
4056,credito
4057,credito
4058,credito
4059,credito
4060,credito
4061,credito
4062,credito
4063,credito
4064,credito
4065,debito
4066,credito
4067,credito
4068,pix
4069,credito
4070,credito
4071,credito
4072,credito
4073,pix
4074,boleto
4075,debito
4076,pix
4077,pix
4078,credito
4079,pix
4080,credito
4081,credito
4082,dinheiro
4083,credito
4084,boleto
4085,credito
4086,credito
4087,pix
4088,credito
4089,debito
4090,debito
4091,credito
4092,credito
4093,credito
4094,credito
4095,debito
4096,credito
4097,debito
4098,credito
4099,credito
4100,pix
4101,pix
4102,credito
4103,credito
4104,boleto
4105,credito
4106,credito
4107,pix
4108,boleto
4109,pix
4110,credito
4111,credito
4112,pix
4113,debito
4114,pix
4115,credito
4116,credito
4117,credito
4118,dinheiro
4119,pix
4120,credito
4121,credito
4122,credito
4123,pix
4124,credito
4125,pix
4126,credito
4127,credito
4128,credito
4129,pix
4130,credito
4131,credito
4132,pix
4133,credito
4134,boleto
4135,credito
4136,boleto
4137,dinheiro
4138,pix
4139,pix
4140,credito
4141,credito
4142,credito
4143,boleto
4144,credito
4145,credito
4146,credito
4147,credito
4148,credito
4149,pix
4150,credito
4151,debito
4152,credito
4153,credito
4154,dinheiro
4155,credito
4156,boleto
4157,credito
4158,credito
4159,pix
4160,debito
4161,debito
4162,debito
4163,credito
4164,boleto
4165,boleto
4166,dinheiro
4167,credito
4168,boleto
4169,debito
4170,credito
4171,pix
4172,boleto
4173,credito
4174,debito
4175,credito
4176,debito
4177,credito
4178,dinheiro
4179,credito
4180,debito
4181,credito
4182,credito
4183,pix
4184,credito
4185,credito
4186,credito
4187,debito
4188,debito
4189,pix
4190,dinheiro
4191,credito
4192,pix
4193,credito
4194,credito
4195,credito
4196,pix
4197,credito
4198,credito
4199,credito
4200,credito
4201,credito
4202,credito
4203,pix
4204,credito
4205,credito
4206,credito
4207,credito
4208,debito
4209,debito
4210,debito
4211,boleto
4212,credito
4213,pix
4214,credito
4215,credito
4216,dinheiro
4217,credito
4218,credito
4219,boleto
4220,dinheiro
4221,credito
4222,pix
4223,credito
4224,credito
4225,credito
4226,credito
4227,credito
4228,pix
4229,credito
4230,credito
4231,pix
4232,credito
4233,credito
4234,credito
4235,debito
4236,pix
4237,credito
4238,credito
4239,debito
4240,dinheiro
4241,credito
4242,credito
4243,credito
4244,dinheiro
4245,debito
4246,debito
4247,credito
4248,credito
4249,credito
4250,debito
4251,credito
4252,credito
4253,credito
4254,credito
4255,credito
4256,credito
4257,debito
4258,credito
4259,credito
4260,credito
4261,dinheiro
4262,credito
4263,pix
4264,credito
4265,credito
4266,credito
4267,credito
4268,credito
4269,dinheiro
4270,boleto
4271,pix
4272,boleto
4273,credito
4274,credito
4275,credito
4276,pix
4277,pix
4278,credito
4279,pix
4280,pix
4281,dinheiro
4282,credito
4283,dinheiro
4284,credito
4285,credito
4286,credito
4287,dinheiro
4288,credito
4289,debito
4290,credito
4291,credito
4292,debito
4293,credito
4294,pix
4295,debito
4296,credito
4297,credito
4298,debito
4299,credito
4300,credito
4301,boleto
4302,debito
4303,credito
4304,debito
4305,credito
4306,credito
4307,debito
4308,credito
4309,credito
4310,boleto
4311,credito
4312,credito
4313,pix
4314,debito
4315,boleto
4316,credito
4317,credito
4318,pix
4319,credito
4320,credito
4321,credito
4322,credito
4323,credito
4324,credito
4325,debito
4326,debito
4327,boleto
4328,credito
4329,debito
4330,credito
4331,credito
4332,credito
4333,dinheiro
4334,boleto
4335,credito
4336,credito
4337,credito
4338,pix
4339,credito
4340,credito
4341,pix
4342,credito
4343,debito
4344,credito
4345,pix
4346,credito
4347,credito
4348,pix
4349,credito
4350,credito
4351,credito
4352,boleto
4353,credito
4354,credito
4355,boleto
4356,credito
4357,pix
4358,credito
4359,credito
4360,credito
4361,boleto
4362,debito
4363,credito
4364,debito
4365,boleto
4366,boleto
4367,pix
4368,credito
4369,boleto
4370,credito
4371,credito
4372,credito
4373,debito
4374,credito
4375,credito
4376,credito
4377,boleto
4378,credito
4379,dinheiro
4380,credito
4381,boleto
4382,credito
4383,pix
4384,credito
4385,dinheiro
4386,pix
4387,credito
4388,credito
4389,credito
4390,debito
4391,pix
4392,pix
4393,credito
4394,debito
4395,credito
4396,credito
4397,credito
4398,boleto
4399,credito
4400,dinheiro
4401,debito
4402,debito
4403,pix
4404,credito
4405,credito
4406,credito
4407,credito
4408,dinheiro
4409,credito
4410,credito
4411,pix
4412,credito
4413,credito
4414,credito
4415,credito
4416,credito
4417,credito
4418,credito
4419,credito
4420,credito
4421,boleto
4422,debito
4423,credito
4424,pix
4425,credito
4426,dinheiro
4427,pix
4428,credito
4429,credito
4430,credito
4431,pix
4432,boleto
4433,credito
4434,credito
4435,debito
4436,credito
4437,debito
4438,credito
4439,credito
4440,credito
4441,pix
4442,credito
4443,debito
4444,pix
4445,credito
4446,credito
4447,credito
4448,pix
4449,debito
4450,boleto
4451,credito
4452,pix
4453,debito
4454,credito
4455,pix
4456,debito
4457,credito
4458,credito
4459,pix
4460,credito
4461,credito
4462,credito
4463,pix
4464,boleto
4465,credito
4466,boleto
4467,dinheiro
4468,boleto
4469,dinheiro
4470,credito
4471,credito
4472,pix
4473,credito
4474,pix
4475,credito
4476,credito
4477,credito
4478,credito
4479,debito
4480,boleto
4481,credito
4482,boleto
4483,pix
4484,debito
4485,credito
4486,debito
4487,debito
4488,credito
4489,credito
4490,credito
4491,credito
4492,credito
4493,credito
4494,debito
4495,credito
4496,credito
4497,pix
4498,credito
4499,credito
4500,credito
4501,credito
4502,credito
4503,debito
4504,credito
4505,pix
4506,credito
4507,debito
4508,credito
4509,pix
4510,boleto
4511,credito
4512,credito
4513,credito
4514,credito
4515,credito
4516,credito
4517,credito
4518,credito
4519,credito
4520,pix
4521,credito
4522,dinheiro
4523,credito
4524,credito
4525,credito
4526,credito
4527,credito
4528,debito
4529,credito
4530,pix
4531,credito
4532,credito
4533,debito
4534,boleto
4535,credito
4536,debito
4537,credito
4538,debito
4539,pix
4540,debito
4541,pix
4542,credito
4543,credito
4544,credito
4545,credito
4546,credito
4547,credito
4548,credito
4549,credito
4550,credito
4551,boleto
4552,credito
4553,boleto
4554,credito
4555,credito
4556,debito
4557,dinheiro
4558,credito
4559,credito
4560,credito
4561,pix
4562,pix
4563,debito
4564,credito
4565,credito
4566,credito
4567,pix
4568,credito
4569,credito
4570,boleto
4571,pix
4572,credito
4573,credito
4574,credito
4575,credito
4576,pix
4577,credito
4578,debito
4579,credito
4580,credito
4581,credito
4582,debito
4583,pix
4584,pix
4585,credito
4586,pix
4587,credito
4588,dinheiro
4589,pix
4590,pix
4591,boleto
4592,dinheiro
4593,debito
4594,credito
4595,credito
4596,pix
4597,dinheiro
4598,pix
4599,credito
4600,dinheiro
4601,credito
4602,credito
4603,credito
4604,credito
4605,credito
4606,credito
4607,credito
4608,credito
4609,credito
4610,boleto
4611,dinheiro
4612,boleto
4613,debito
4614,credito
4615,boleto
4616,debito
4617,credito
4618,credito
4619,credito
4620,credito
4621,pix
4622,pix
4623,debito
4624,debito
4625,credito
4626,pix
4627,credito
4628,debito
4629,credito
4630,credito
4631,credito
4632,credito
4633,boleto
4634,credito
4635,credito
4636,pix
4637,credito
4638,credito
4639,credito
4640,debito
4641,credito
4642,boleto
4643,debito
4644,credito
4645,credito
4646,credito
4647,credito
4648,debito
4649,debito
4650,dinheiro
4651,pix
4652,pix
4653,pix
4654,credito
4655,credito
4656,credito
4657,boleto
4658,credito
4659,dinheiro
4660,credito
4661,credito
4662,credito
4663,pix
4664,credito
4665,debito
4666,credito
4667,credito
4668,credito
4669,boleto
4670,dinheiro
4671,credito
4672,credito
4673,debito
4674,debito
4675,debito
4676,credito
4677,credito
4678,boleto
4679,credito
4680,credito
4681,credito
4682,credito
4683,credito
4684,pix
4685,boleto
4686,credito
4687,credito
4688,credito
4689,credito
4690,pix
4691,credito
4692,credito
4693,credito
4694,dinheiro
4695,boleto
4696,debito
4697,credito
4698,dinheiro
4699,credito
4700,credito
4701,credito
4702,credito
4703,pix
4704,credito
4705,credito
4706,credito
4707,credito
4708,credito
4709,debito
4710,credito
4711,boleto
4712,boleto
4713,credito
4714,credito
4715,credito
4716,credito
4717,credito
4718,pix
4719,credito
4720,dinheiro
4721,pix
4722,credito
4723,credito
4724,credito
4725,debito
4726,credito
4727,debito
4728,pix
4729,credito
4730,credito
4731,credito
4732,credito
4733,pix
4734,credito
4735,credito
4736,boleto
4737,credito
4738,debito
4739,credito
4740,credito
4741,dinheiro
4742,credito
4743,pix
4744,credito
4745,debito
4746,pix
4747,credito
4748,credito
4749,credito
4750,debito
4751,debito
4752,credito
4753,dinheiro
4754,credito
4755,credito
4756,debito
4757,dinheiro
4758,debito
4759,boleto
4760,boleto
4761,pix
4762,credito
4763,credito
4764,credito
4765,credito
4766,pix
4767,credito
4768,credito
4769,credito
4770,pix
4771,credito
4772,debito
4773,boleto
4774,credito
4775,debito
4776,credito
4777,credito
4778,credito
4779,pix
4780,boleto
4781,pix
4782,credito
4783,credito
4784,credito
4785,pix
4786,pix
4787,credito
4788,boleto
4789,pix
4790,pix
4791,credito
4792,credito
4793,credito
4794,credito
4795,credito
4796,credito
4797,credito
4798,pix
4799,boleto
4800,boleto
4801,boleto
4802,debito
4803,pix
4804,credito
4805,credito
4806,boleto
4807,credito
4808,credito
4809,debito
4810,credito
4811,credito
4812,dinheiro
4813,boleto
4814,pix
4815,debito
4816,credito
4817,pix
4818,pix
4819,pix
4820,credito
4821,credito
4822,credito
4823,credito
4824,credito
4825,boleto
4826,debito
4827,debito
4828,debito
4829,pix
4830,dinheiro
4831,pix
4832,credito
4833,credito
4834,boleto
4835,credito
4836,dinheiro
4837,credito
4838,pix
4839,pix
4840,credito
4841,credito
4842,credito
4843,debito
4844,pix
4845,debito
4846,credito
4847,pix
4848,credito
4849,pix
4850,dinheiro
4851,boleto
4852,credito
4853,credito
4854,debito
4855,pix
4856,credito
4857,credito
4858,credito
4859,credito
4860,credito
4861,credito
4862,credito
4863,credito
4864,credito
4865,credito
4866,dinheiro
4867,credito
4868,credito
4869,debito
4870,debito
4871,credito
4872,credito
4873,credito
4874,credito
4875,credito
4876,dinheiro
4877,boleto
4878,credito
4879,dinheiro
4880,pix
4881,credito
4882,boleto
4883,credito
4884,credito
4885,boleto
4886,boleto
4887,credito
4888,pix
4889,credito
4890,credito
4891,pix
4892,credito
4893,debito
4894,pix
4895,credito
4896,credito
4897,credito
4898,credito
4899,credito
4900,credito
4901,credito
4902,credito
4903,credito
4904,dinheiro
4905,pix
4906,credito
4907,credito
4908,credito
4909,credito
4910,debito
4911,debito
4912,credito
4913,debito
4914,debito
4915,credito
4916,credito
4917,debito
4918,credito
4919,credito
4920,debito
4921,credito
4922,pix
4923,pix
4924,credito
4925,debito
4926,boleto
4927,boleto
4928,credito
4929,credito
4930,credito
4931,credito
4932,credito
4933,credito
4934,pix
4935,debito
4936,credito
4937,credito
4938,pix
4939,debito
4940,credito
4941,debito
4942,pix
4943,credito
4944,credito
4945,dinheiro
4946,boleto
4947,credito
4948,pix
4949,credito
4950,dinheiro
4951,credito
4952,credito
4953,pix
4954,credito
4955,credito
4956,credito
4957,credito
4958,pix
4959,credito
4960,credito
4961,debito
4962,credito
4963,dinheiro
4964,pix
4965,pix
4966,pix
4967,credito
4968,dinheiro
4969,debito
4970,pix
4971,pix
4972,debito
4973,credito
4974,boleto
4975,pix
4976,credito
4977,credito
4978,credito
4979,credito
4980,boleto
4981,debito
4982,credito
4983,dinheiro
4984,dinheiro
4985,dinheiro
4986,credito
4987,credito
4988,debito
4989,credito
4990,boleto
4991,boleto
4992,pix
4993,debito
4994,dinheiro
4995,credito
4996,credito
4997,pix
4998,boleto
4999,credito
5000,boleto
5001,debito
5002,credito
5003,credito
5004,pix
5005,credito
5006,credito
5007,dinheiro
5008,dinheiro
5009,pix
5010,debito
5011,pix
5012,credito
5013,credito
5014,credito
5015,pix
5016,boleto
5017,debito
5018,debito
5019,credito
5020,credito
5021,boleto
5022,debito
5023,credito
5024,debito
5025,credito
5026,boleto
5027,credito
5028,credito
5029,boleto
5030,debito
5031,credito
5032,pix
5033,credito
5034,pix
5035,dinheiro
5036,credito
5037,credito
5038,boleto
5039,credito
5040,credito
5041,credito
5042,debito
5043,debito
5044,pix
5045,pix
5046,debito
5047,debito
5048,dinheiro
5049,credito
5050,credito
5051,credito
5052,credito
5053,credito
5054,credito
5055,credito
5056,credito
5057,credito
5058,credito
5059,credito
5060,dinheiro
5061,credito
5062,credito
5063,debito
5064,debito
5065,credito
5066,credito
5067,credito
5068,debito
5069,credito
5070,credito
5071,pix
5072,pix
5073,boleto
5074,credito
5075,credito
5076,credito
5077,pix
5078,credito
5079,credito
5080,credito
5081,dinheiro
5082,credito
5083,pix
5084,credito
5085,boleto
5086,pix
5087,credito
5088,credito
5089,debito
5090,credito
5091,credito
5092,credito
5093,pix
5094,dinheiro
5095,credito
5096,credito
5097,credito
5098,credito
5099,pix
5100,credito
5101,boleto
5102,credito
5103,credito
5104,credito
5105,debito
5106,credito
5107,debito
5108,boleto
5109,credito
5110,debito
5111,credito
5112,pix
5113,pix
5114,pix
5115,credito
5116,credito
5117,credito
5118,pix
5119,credito
5120,credito
5121,dinheiro
5122,debito
5123,boleto
5124,credito
5125,pix
5126,debito
5127,debito
5128,credito
5129,credito
5130,credito
5131,credito
5132,credito
5133,credito
5134,credito
5135,pix
5136,boleto
5137,credito
5138,pix
5139,pix
5140,credito
5141,debito
5142,credito
5143,debito
5144,credito
5145,credito
5146,credito
5147,credito
5148,credito
5149,credito
5150,pix
5151,credito
5152,pix
5153,credito
5154,credito
5155,credito
5156,boleto
5157,credito
5158,credito
5159,debito
5160,pix
5161,credito
5162,debito
5163,credito
5164,dinheiro
5165,credito
5166,boleto
5167,dinheiro
5168,debito
5169,credito
5170,debito
5171,credito
5172,credito
5173,boleto
5174,credito
5175,debito
5176,credito
5177,credito
5178,debito
5179,credito
5180,credito
5181,credito
5182,credito
5183,dinheiro
5184,credito
5185,credito
5186,debito
5187,pix
5188,debito
5189,debito
5190,dinheiro
5191,credito
5192,credito
5193,credito
5194,credito
5195,credito
5196,credito
5197,boleto
5198,pix
5199,boleto
5200,credito
5201,credito
5202,credito
5203,credito
5204,credito
5205,pix
5206,credito
5207,pix
5208,pix
5209,credito
5210,dinheiro
5211,credito
5212,credito
5213,credito
5214,credito
5215,credito
5216,credito
5217,credito
5218,boleto
5219,credito
5220,credito
5221,credito
5222,pix
5223,credito
5224,credito
5225,credito
5226,dinheiro
5227,debito
5228,credito
5229,debito
5230,credito
5231,credito
5232,credito
5233,debito
5234,credito
5235,debito
5236,boleto
5237,pix
5238,credito
5239,credito
5240,debito
5241,pix
5242,debito
5243,credito
5244,pix
5245,boleto
5246,credito
5247,pix
5248,credito
5249,boleto
5250,credito
5251,credito
5252,credito
5253,dinheiro
5254,debito
5255,credito
5256,credito
5257,pix
5258,pix
5259,credito
5260,debito
5261,credito
5262,dinheiro
5263,credito
5264,credito
5265,credito
5266,credito
5267,pix
5268,credito
5269,pix
5270,credito
5271,credito
5272,debito
5273,credito
5274,credito
5275,credito
5276,credito
5277,credito
5278,credito
5279,pix
5280,credito
5281,credito
5282,credito
5283,credito
5284,credito
5285,credito
5286,credito
5287,credito
5288,credito
5289,debito
5290,credito
5291,pix
5292,credito
5293,credito
5294,debito
5295,credito
5296,credito
5297,credito
5298,pix
5299,credito
5300,credito
5301,credito
5302,pix
5303,credito
5304,credito
5305,credito
5306,credito
5307,boleto
5308,credito
5309,credito
5310,credito
5311,credito
5312,debito
5313,credito
5314,pix
5315,pix
5316,debito
5317,credito
5318,debito
5319,credito
5320,credito
5321,credito
5322,credito
5323,boleto
5324,credito
5325,credito
5326,credito
5327,boleto
5328,credito
5329,credito
5330,pix
5331,credito
5332,pix
5333,credito
5334,debito
5335,dinheiro
5336,credito
5337,debito
5338,boleto
5339,credito
5340,boleto
5341,dinheiro
5342,credito
5343,credito
5344,boleto
5345,credito
5346,credito
5347,credito
5348,credito
5349,credito
5350,credito
5351,credito
5352,dinheiro
5353,credito
5354,pix
5355,credito
5356,credito
5357,credito
5358,credito
5359,credito
5360,credito
5361,credito
5362,credito
5363,pix
5364,credito
5365,credito
5366,pix
5367,credito
5368,credito
5369,credito
5370,credito
5371,debito
5372,credito
5373,debito
5374,debito
5375,credito
5376,credito
5377,pix
5378,pix
5379,debito
5380,credito
5381,credito
5382,credito
5383,pix
5384,pix
5385,pix
5386,pix
5387,pix
5388,credito
5389,credito
5390,credito
5391,pix
5392,boleto
5393,credito
5394,debito
5395,debito
5396,credito
5397,debito
5398,pix
5399,pix
5400,credito
5401,credito
5402,credito
5403,boleto
5404,credito
5405,boleto
5406,credito
5407,pix
5408,credito
5409,debito
5410,credito
5411,credito
5412,credito
5413,debito
5414,pix
5415,credito
5416,credito
5417,credito
5418,debito
5419,credito
5420,debito
5421,debito
5422,pix
5423,boleto
5424,debito
5425,credito
5426,credito
5427,pix
5428,credito
5429,boleto
5430,credito
5431,credito
5432,credito
5433,credito
5434,credito
5435,debito
5436,debito
5437,pix
5438,boleto
5439,credito
5440,credito
5441,credito
5442,dinheiro
5443,credito
5444,credito
5445,credito
5446,dinheiro
5447,credito
5448,debito
5449,credito
5450,credito
5451,credito
5452,pix
5453,debito
5454,credito
5455,credito
5456,debito
5457,credito
5458,credito
5459,credito
5460,credito
5461,boleto
5462,credito
5463,debito
5464,credito
5465,pix
5466,credito
5467,credito
5468,credito
5469,credito
5470,pix
5471,credito
5472,pix
5473,credito
5474,credito
5475,credito
5476,debito
5477,credito
5478,credito
5479,credito
5480,pix
5481,pix
5482,credito
5483,credito
5484,debito
5485,boleto
5486,credito
5487,pix
5488,pix
5489,credito
5490,debito
5491,credito
5492,credito
5493,pix
5494,dinheiro
5495,debito
5496,credito
5497,debito
5498,dinheiro
5499,credito
5500,credito
5501,pix
5502,credito
5503,credito
5504,credito
5505,credito
5506,pix
5507,credito
5508,pix
5509,credito
5510,dinheiro
5511,credito
5512,credito
5513,credito
5514,credito
5515,credito
5516,debito
5517,credito
5518,credito
5519,debito
5520,credito
5521,credito
5522,credito
5523,pix
5524,credito
5525,dinheiro
5526,credito
5527,credito
5528,credito
5529,credito
5530,credito
5531,credito
5532,credito
5533,credito
5534,debito
5535,pix
5536,pix
5537,credito
5538,credito
5539,credito
5540,debito
5541,credito
5542,pix
5543,credito
5544,boleto
5545,dinheiro
5546,credito
5547,credito
5548,pix
5549,debito
5550,pix
5551,credito
5552,pix
5553,credito
5554,debito
5555,credito
5556,credito
5557,credito
5558,credito
5559,pix
5560,debito
5561,credito
5562,credito
5563,debito
5564,credito
5565,credito
5566,debito
5567,credito
5568,credito
5569,credito
5570,boleto
5571,credito
5572,credito
5573,credito
5574,credito
5575,pix
5576,credito
5577,pix
5578,pix
5579,credito
5580,boleto
5581,credito
5582,pix
5583,credito
5584,credito
5585,credito
5586,pix
5587,credito
5588,credito
5589,pix
5590,dinheiro
5591,credito
5592,credito
5593,credito
5594,credito
5595,credito
5596,credito
5597,pix
5598,debito
5599,pix
5600,credito
5601,credito
5602,debito
5603,credito
5604,credito
5605,credito
5606,credito
5607,debito
5608,credito
5609,pix
5610,credito
5611,credito
5612,credito
5613,credito
5614,credito
5615,pix
5616,credito
5617,dinheiro
5618,credito
5619,credito
5620,boleto
5621,credito
5622,credito
5623,credito
5624,credito
5625,credito
5626,dinheiro
5627,credito
5628,credito
5629,credito
5630,credito
5631,debito
5632,debito
5633,credito
5634,credito
5635,credito
5636,debito
5637,debito
5638,boleto
5639,credito
5640,pix
5641,pix
5642,credito
5643,pix
5644,pix
5645,pix
5646,debito
5647,credito
5648,credito
5649,credito
5650,credito
5651,debito
5652,credito
5653,dinheiro
5654,credito
5655,credito
5656,pix
5657,credito
5658,credito
5659,pix
5660,boleto
5661,credito
5662,credito
5663,credito
5664,credito
5665,credito
5666,credito
5667,boleto
5668,credito
5669,credito
5670,credito
5671,debito
5672,credito
5673,credito
5674,credito
5675,credito
5676,credito
5677,pix
5678,credito
5679,debito
5680,pix
5681,credito
5682,dinheiro
5683,credito
5684,credito
5685,credito
5686,credito
5687,boleto
5688,credito
5689,credito
5690,credito
5691,credito
5692,credito
5693,credito
5694,debito
5695,credito
5696,credito
5697,credito
5698,pix
5699,credito
5700,credito
5701,credito
5702,debito
5703,pix
5704,credito
5705,credito
5706,credito
5707,boleto
5708,debito
5709,dinheiro
5710,credito
5711,credito
5712,credito
5713,credito
5714,pix
5715,boleto
5716,boleto
5717,pix
5718,credito
5719,credito
5720,boleto
5721,boleto
5722,pix
5723,credito
5724,credito
5725,debito
5726,credito
5727,dinheiro
5728,credito
5729,debito
5730,pix
5731,credito
5732,credito
5733,credito
5734,boleto
5735,credito
5736,debito
5737,credito
5738,credito
5739,boleto
5740,credito
5741,credito
5742,credito
5743,boleto
5744,credito
5745,pix
5746,credito
5747,boleto
5748,credito
5749,debito
5750,credito
5751,dinheiro
5752,credito
5753,debito
5754,pix
5755,credito
5756,credito
5757,credito
5758,credito
5759,boleto
5760,credito
5761,credito
5762,credito
5763,credito
5764,credito
5765,credito
5766,credito
5767,credito
5768,dinheiro
5769,credito
5770,credito
5771,credito
5772,boleto
5773,dinheiro
5774,pix
5775,pix
5776,credito
5777,credito
5778,credito
5779,credito
5780,credito
5781,boleto
5782,boleto
5783,boleto
5784,credito
5785,boleto
5786,credito
5787,pix
5788,credito
5789,credito
5790,credito
5791,credito
5792,credito
5793,boleto
5794,pix
5795,debito
5796,credito
5797,credito
5798,credito
5799,credito
5800,dinheiro
5801,credito
5802,debito
5803,credito
5804,pix
5805,credito
5806,credito
5807,debito
5808,credito
5809,debito
5810,pix
5811,credito
5812,debito
5813,credito
5814,dinheiro
5815,credito
5816,credito
5817,credito
5818,pix
5819,credito
5820,debito
5821,pix
5822,boleto
5823,credito
5824,credito
5825,credito
5826,pix
5827,credito
5828,credito
5829,debito
5830,boleto
5831,credito
5832,credito
5833,dinheiro
5834,credito
5835,credito
5836,debito
5837,credito
5838,credito
5839,credito
5840,pix
5841,credito
5842,credito
5843,credito
5844,credito
5845,pix
5846,credito
5847,credito
5848,dinheiro
5849,boleto
5850,dinheiro
5851,pix
5852,boleto
5853,debito
5854,boleto
5855,credito
5856,credito
5857,credito
5858,debito
5859,credito
5860,credito
5861,credito
5862,credito
5863,credito
5864,credito
5865,credito
5866,debito
5867,credito
5868,pix
5869,pix
5870,debito
5871,pix
5872,dinheiro
5873,dinheiro
5874,credito
5875,boleto
5876,credito
5877,credito
5878,boleto
5879,boleto
5880,credito
5881,debito
5882,credito
5883,credito
5884,boleto
5885,credito
5886,credito
5887,credito
5888,credito
5889,credito
5890,dinheiro
5891,credito
5892,credito
5893,debito
5894,credito
5895,boleto
5896,credito
5897,pix
5898,credito
5899,credito
5900,credito
5901,credito
5902,credito
5903,boleto
5904,pix
5905,credito
5906,credito
5907,credito
5908,credito
5909,credito
5910,pix
5911,credito
5912,pix
5913,debito
5914,credito
5915,debito
5916,credito
5917,credito
5918,boleto
5919,pix
5920,pix
5921,credito
5922,credito
5923,pix
5924,boleto
5925,debito
5926,pix
5927,credito
5928,pix
5929,credito
5930,dinheiro
5931,debito
5932,pix
5933,credito
5934,debito
5935,boleto
5936,boleto
5937,credito
5938,credito
5939,credito
5940,credito
5941,dinheiro
5942,debito
5943,credito
5944,credito
5945,credito
5946,credito
5947,credito
5948,debito
5949,debito
5950,pix
5951,pix
5952,dinheiro
5953,credito
5954,credito
5955,credito
5956,credito
5957,credito
5958,credito
5959,credito
5960,credito
5961,credito
5962,pix
5963,credito
5964,pix
5965,debito
5966,credito
5967,dinheiro
5968,credito
5969,debito
5970,credito
5971,pix
5972,pix
5973,credito
5974,dinheiro
5975,pix
5976,credito
5977,credito
5978,credito
5979,credito
5980,pix
5981,dinheiro
5982,credito
5983,boleto
5984,credito
5985,credito
5986,dinheiro
5987,credito
5988,credito
5989,dinheiro
5990,credito
5991,credito
5992,dinheiro
5993,debito
5994,pix
5995,boleto
5996,debito
5997,pix
5998,debito
5999,credito
6000,credito
6001,credito
6002,pix
6003,dinheiro
6004,credito
6005,pix
6006,pix
6007,pix
6008,boleto
6009,credito
6010,pix
6011,credito
6012,debito
6013,credito
6014,credito
6015,credito
6016,boleto
6017,credito
6018,credito
6019,pix
6020,dinheiro
6021,credito
6022,dinheiro
6023,dinheiro
6024,credito
6025,boleto
6026,credito
6027,debito
6028,credito
6029,credito
6030,credito
6031,credito
6032,boleto
6033,credito
6034,credito
6035,pix
6036,credito
6037,credito
6038,pix
6039,credito
6040,credito
6041,pix
6042,credito
6043,credito
6044,credito
6045,pix
6046,boleto
6047,dinheiro
6048,credito
6049,credito
6050,credito
6051,credito
6052,credito
6053,credito
6054,credito
6055,credito
6056,credito
6057,debito
6058,credito
6059,credito
6060,credito
6061,credito
6062,credito
6063,pix
6064,credito
6065,boleto
6066,debito
6067,credito
6068,credito
6069,credito
6070,credito
6071,credito
6072,credito
6073,pix
6074,credito
6075,pix
6076,credito
6077,credito
6078,pix
6079,credito
6080,credito
6081,credito
6082,credito
6083,pix
6084,pix
6085,credito
6086,debito
6087,debito
6088,credito
6089,credito
6090,boleto
6091,credito
6092,credito
6093,credito
6094,credito
6095,dinheiro
6096,boleto
6097,debito
6098,credito
6099,credito
6100,credito
6101,credito
6102,credito
6103,debito
6104,debito
6105,credito
6106,credito
6107,pix
6108,credito
6109,credito
6110,dinheiro
6111,boleto
6112,boleto
6113,debito
6114,pix
6115,boleto
6116,dinheiro
6117,credito
6118,credito
6119,credito
6120,credito
6121,credito
6122,credito
6123,credito
6124,credito
6125,credito
6126,credito
6127,credito
6128,credito
6129,credito
6130,boleto
6131,boleto
6132,credito
6133,pix
6134,credito
6135,credito
6136,credito
6137,credito
6138,credito
6139,credito
6140,credito
6141,boleto
6142,pix
6143,credito
6144,pix
6145,credito
6146,debito
6147,boleto
6148,pix
6149,pix
6150,credito
6151,debito
6152,pix
6153,credito
6154,pix
6155,credito
6156,dinheiro
6157,credito
6158,credito
6159,credito
6160,credito
6161,pix
6162,pix
6163,pix
6164,debito
6165,pix
6166,credito
6167,credito
6168,credito
6169,credito
6170,dinheiro
6171,credito
6172,credito
6173,credito
6174,pix
6175,credito
6176,credito
6177,credito
6178,credito
6179,pix
6180,credito
6181,credito
6182,credito
6183,dinheiro
6184,credito
6185,credito
6186,pix
6187,boleto
6188,credito
6189,credito
6190,debito
6191,pix
6192,credito
6193,credito
6194,boleto
6195,dinheiro
6196,credito
6197,credito
6198,credito
6199,credito
6200,debito
6201,pix
6202,debito
6203,credito
6204,credito
6205,credito
6206,pix
6207,credito
6208,credito
6209,pix
6210,credito
6211,pix
6212,credito
6213,debito
6214,credito
6215,credito
6216,credito
6217,dinheiro
6218,boleto
6219,credito
6220,boleto
6221,credito
6222,credito
6223,pix
6224,credito
6225,credito
6226,credito
6227,pix
6228,credito
6229,credito
6230,credito
6231,credito
6232,credito
6233,boleto
6234,credito
6235,credito
6236,credito
6237,dinheiro
6238,credito
6239,credito
6240,credito
6241,credito
6242,boleto
6243,credito
6244,credito
6245,credito
6246,credito
6247,dinheiro
6248,credito
6249,credito
6250,debito
6251,credito
6252,debito
6253,credito
6254,credito
6255,credito
6256,boleto
6257,credito
6258,credito
6259,boleto
6260,credito
6261,credito
6262,credito
6263,credito
6264,pix
6265,credito
6266,credito
6267,pix
6268,credito
6269,debito
6270,credito
6271,credito
6272,credito
6273,credito
6274,credito
6275,credito
6276,dinheiro
6277,credito
6278,credito
6279,credito
6280,debito
6281,dinheiro
6282,credito
6283,credito
6284,dinheiro
6285,boleto
6286,credito
6287,credito
6288,credito
6289,dinheiro
6290,dinheiro
6291,credito
6292,credito
6293,dinheiro
6294,credito
6295,credito
6296,credito
6297,boleto
6298,pix
6299,credito
6300,credito
6301,credito
6302,credito
6303,credito
6304,boleto
6305,debito
6306,credito
6307,credito
6308,credito
6309,credito
6310,credito
6311,credito
6312,credito
6313,pix
6314,pix
6315,debito
6316,credito
6317,debito
6318,boleto
6319,credito
6320,pix
6321,credito
6322,credito
6323,credito
6324,boleto
6325,credito
6326,credito
6327,credito
6328,pix
6329,boleto
6330,boleto
6331,credito
6332,credito
6333,credito
6334,credito
6335,credito
6336,credito
6337,boleto
6338,credito
6339,pix
6340,dinheiro
6341,credito
6342,credito
6343,credito
6344,credito
6345,pix
6346,debito
6347,pix
6348,dinheiro
6349,credito
6350,credito
6351,credito
6352,credito
6353,credito
6354,credito
6355,dinheiro
6356,credito
6357,dinheiro
6358,credito
6359,credito
6360,debito
6361,credito
6362,credito
6363,credito
6364,credito
6365,credito
6366,credito
6367,credito
6368,dinheiro
6369,boleto
6370,debito
6371,credito
6372,credito
6373,debito
6374,credito
6375,boleto
6376,credito
6377,debito
6378,boleto
6379,credito
6380,credito
6381,debito
6382,credito
6383,credito
6384,credito
6385,credito
6386,debito
6387,credito
6388,credito
6389,debito
6390,credito
6391,credito
6392,pix
6393,boleto
6394,debito
6395,boleto
6396,credito
6397,boleto
6398,debito
6399,credito
6400,credito
6401,dinheiro
6402,boleto
6403,credito
6404,credito
6405,debito
6406,dinheiro
6407,credito
6408,credito
6409,debito
6410,debito
6411,debito
6412,credito
6413,pix
6414,credito
6415,credito
6416,credito
6417,dinheiro
6418,credito
6419,credito
6420,boleto
6421,pix
6422,pix
6423,credito
6424,credito
6425,credito
6426,credito
6427,pix
6428,credito
6429,credito
6430,credito
6431,debito
6432,credito
6433,debito
6434,credito
6435,credito
6436,pix
6437,credito
6438,credito
6439,credito
6440,debito
6441,debito
6442,credito
6443,dinheiro
6444,credito
6445,pix
6446,credito
6447,credito
6448,credito
6449,credito
6450,credito
6451,dinheiro
6452,credito
6453,pix
6454,credito
6455,boleto
6456,credito
6457,debito
6458,credito
6459,boleto
6460,debito
6461,debito
6462,boleto
6463,credito
6464,boleto
6465,credito
6466,credito
6467,pix
6468,credito
6469,credito
6470,dinheiro
6471,debito
6472,credito
6473,boleto
6474,pix
6475,debito
6476,credito
6477,debito
6478,pix
6479,credito
6480,credito
6481,credito
6482,credito
6483,credito
6484,debito
6485,credito
6486,dinheiro
6487,credito
6488,credito
6489,credito
6490,credito
6491,debito
6492,credito
6493,credito
6494,dinheiro
6495,pix
6496,boleto
6497,credito
6498,credito
6499,credito
6500,credito
6501,pix
6502,credito
6503,credito
6504,credito
6505,credito
6506,pix
6507,credito
6508,credito
6509,credito
6510,credito
6511,boleto
6512,dinheiro
6513,credito
6514,credito
6515,credito
6516,credito
6517,pix
6518,credito
6519,pix
6520,pix
6521,credito
6522,dinheiro
6523,debito
6524,credito
6525,credito
6526,pix
6527,credito
6528,credito
6529,credito
6530,credito
6531,credito
6532,credito
6533,credito
6534,credito
6535,dinheiro
6536,credito
6537,credito
6538,credito
6539,credito
6540,credito
6541,pix
6542,pix
6543,credito
6544,pix
6545,pix
6546,pix
6547,credito
6548,dinheiro
6549,boleto
6550,credito
6551,credito
6552,credito
6553,credito
6554,credito
6555,pix
6556,credito
6557,debito
6558,credito
6559,pix
6560,credito
6561,credito
6562,boleto
6563,pix
6564,debito
6565,pix
6566,debito
6567,credito
6568,credito
6569,credito
6570,pix
6571,credito
6572,debito
6573,credito
6574,credito
6575,credito
6576,boleto
6577,credito
6578,credito
6579,credito
6580,credito
6581,boleto
6582,credito
6583,debito
6584,credito
6585,credito
6586,credito
6587,debito
6588,pix
6589,credito
6590,debito
6591,credito
6592,credito
6593,boleto
6594,credito
6595,credito
6596,credito
6597,credito
6598,pix
6599,credito
6600,credito
6601,pix
6602,pix
6603,credito
6604,credito
6605,boleto
6606,credito
6607,boleto
6608,credito
6609,debito
6610,credito
6611,credito
6612,credito
6613,credito
6614,credito
6615,credito
6616,pix
6617,debito
6618,credito
6619,credito
6620,credito
6621,credito
6622,credito
6623,credito
6624,credito
6625,credito
6626,credito
6627,credito
6628,pix
6629,credito
6630,credito
6631,credito
6632,credito
6633,credito
6634,credito
6635,pix
6636,credito
6637,credito
6638,credito
6639,boleto
6640,debito
6641,boleto
6642,credito
6643,credito
6644,credito
6645,credito
6646,boleto
6647,credito
6648,credito
6649,debito
6650,pix
6651,pix
6652,credito
6653,pix
6654,credito
6655,credito
6656,credito
6657,credito
6658,credito
6659,pix
6660,credito
6661,credito
6662,debito
6663,credito
6664,credito
6665,credito
6666,boleto
6667,credito
6668,credito
6669,credito
6670,credito
6671,credito
6672,credito
6673,credito
6674,boleto
6675,pix
6676,credito
6677,credito
6678,credito
6679,credito
6680,boleto
6681,credito
6682,credito
6683,credito
6684,credito
6685,debito
6686,debito
6687,debito
6688,credito
6689,debito
6690,boleto
6691,credito
6692,credito
6693,boleto
6694,dinheiro
6695,debito
6696,credito
6697,boleto
6698,debito
6699,pix
6700,credito
6701,pix
6702,debito
6703,credito
6704,credito
6705,credito
6706,credito
6707,credito
6708,debito
6709,credito
6710,credito
6711,credito
6712,credito
6713,pix
6714,credito
6715,boleto
6716,credito
6717,pix
6718,credito
6719,credito
6720,credito
6721,debito
6722,credito
6723,dinheiro
6724,credito
6725,credito
6726,debito
6727,credito
6728,credito
6729,credito
6730,credito
6731,pix
6732,credito
6733,debito
6734,credito
6735,debito
6736,credito
6737,boleto
6738,credito
6739,boleto
6740,credito
6741,debito
6742,credito
6743,credito
6744,pix
6745,credito
6746,credito
6747,pix
6748,credito
6749,pix
6750,credito
6751,credito
6752,boleto
6753,pix
6754,pix
6755,pix
6756,credito
6757,pix
6758,dinheiro
6759,credito
6760,debito
6761,credito
6762,credito
6763,credito
6764,pix
6765,credito
6766,credito
6767,debito
6768,boleto
6769,credito
6770,pix
6771,credito
6772,debito
6773,debito
6774,pix
6775,credito
6776,credito
6777,credito
6778,credito
6779,credito
6780,credito
6781,credito
6782,pix
6783,credito
6784,credito
6785,credito
6786,pix
6787,credito
6788,credito
6789,credito
6790,credito
6791,credito
6792,pix
6793,boleto
6794,credito
6795,pix
6796,credito
6797,debito
6798,debito
6799,debito
6800,pix
6801,pix
6802,credito
6803,pix
6804,pix
6805,debito
6806,debito
6807,credito
6808,credito
6809,credito
6810,credito
6811,credito
6812,credito
6813,credito
6814,credito
6815,pix
6816,credito
6817,debito
6818,credito
6819,credito
6820,credito
6821,credito
6822,boleto
6823,credito
6824,credito
6825,credito
6826,credito
6827,debito
6828,credito
6829,credito
6830,credito
6831,debito
6832,debito
6833,credito
6834,credito
6835,credito
6836,credito
6837,boleto
6838,credito
6839,pix
6840,credito
6841,debito
6842,credito
6843,credito
6844,debito
6845,credito
6846,pix
6847,debito
6848,credito
6849,credito
6850,credito
6851,credito
6852,pix
6853,boleto
6854,boleto
6855,pix
6856,debito
6857,credito
6858,debito
6859,credito
6860,pix
6861,credito
6862,debito
6863,debito
6864,debito
6865,credito
6866,credito
6867,credito
6868,credito
6869,pix
6870,credito
6871,credito
6872,pix
6873,pix
6874,credito
6875,debito
6876,credito
6877,debito
6878,credito
6879,credito
6880,credito
6881,credito
6882,credito
6883,credito
6884,pix
6885,credito
6886,credito
6887,debito
6888,debito
6889,credito
6890,boleto
6891,dinheiro
6892,credito
6893,boleto
6894,pix
6895,credito
6896,credito
6897,boleto
6898,dinheiro
6899,credito
6900,credito
6901,pix
6902,pix
6903,credito
6904,credito
6905,debito
6906,credito
6907,credito
6908,credito
6909,pix
6910,pix
6911,credito
6912,debito
6913,credito
6914,credito
6915,pix
6916,credito
6917,pix
6918,credito
6919,credito
6920,credito
6921,credito
6922,credito
6923,credito
6924,credito
6925,credito
6926,dinheiro
6927,credito
6928,credito
6929,credito
6930,credito
6931,credito
6932,boleto
6933,pix
6934,credito
6935,boleto
6936,credito
6937,credito
6938,credito
6939,debito
6940,credito
6941,credito
6942,credito
6943,dinheiro
6944,credito
6945,credito
6946,credito
6947,credito
6948,credito
6949,boleto
6950,credito
6951,credito
6952,debito
6953,credito
6954,credito
6955,credito
6956,credito
6957,boleto
6958,credito
6959,credito
6960,credito
6961,credito
6962,pix
6963,credito
6964,credito
6965,debito
6966,credito
6967,credito
6968,boleto
6969,pix
6970,credito
6971,credito
6972,debito
6973,credito
6974,credito
6975,credito
6976,credito
6977,pix
6978,credito
6979,credito
6980,pix
6981,credito
6982,credito
6983,pix
6984,pix
6985,debito
6986,credito
6987,credito
6988,credito
6989,pix
6990,credito
6991,boleto
6992,credito
6993,debito
6994,credito
6995,pix
6996,credito
6997,pix
6998,credito
6999,credito
7000,credito
7001,credito
7002,dinheiro
7003,credito
7004,dinheiro
7005,credito
7006,credito
7007,pix
7008,credito
7009,debito
7010,debito
7011,credito
7012,boleto
7013,credito
7014,credito
7015,pix
7016,dinheiro
7017,boleto
7018,credito
7019,credito
7020,credito
7021,credito
7022,boleto
7023,pix
7024,pix
7025,credito
7026,pix
7027,debito
7028,credito
7029,boleto
7030,dinheiro
7031,debito
7032,credito
7033,debito
7034,debito
7035,credito
7036,credito
7037,boleto
7038,credito
7039,credito
7040,debito
7041,credito
7042,dinheiro
7043,debito
7044,credito
7045,debito
7046,pix
7047,dinheiro
7048,boleto
7049,pix
7050,credito
7051,credito
7052,credito
7053,boleto
7054,credito
7055,pix
7056,credito
7057,pix
7058,credito
7059,pix
7060,dinheiro
7061,dinheiro
7062,credito
7063,dinheiro
7064,debito
7065,credito
7066,credito
7067,debito
7068,pix
7069,boleto
7070,credito
7071,credito
7072,credito
7073,credito
7074,credito
7075,credito
7076,pix
7077,credito
7078,boleto
7079,credito
7080,pix
7081,credito
7082,credito
7083,credito
7084,credito
7085,credito
7086,credito
7087,credito
7088,credito
7089,boleto
7090,debito
7091,pix
7092,pix
7093,pix
7094,credito
7095,pix
7096,pix
7097,credito
7098,credito
7099,credito
7100,credito
7101,pix
7102,credito
7103,boleto
7104,credito
7105,boleto
7106,credito
7107,boleto
7108,pix
7109,credito
7110,debito
7111,credito
7112,debito
7113,credito
7114,credito
7115,pix
7116,credito
7117,pix
7118,credito
7119,credito
7120,debito
7121,credito
7122,credito
7123,credito
7124,debito
7125,boleto
7126,credito
7127,boleto
7128,credito
7129,credito
7130,credito
7131,credito
7132,debito
7133,credito
7134,debito
7135,credito
7136,pix
7137,credito
7138,credito
7139,debito
7140,credito
7141,boleto
7142,debito
7143,debito
7144,credito
7145,pix
7146,credito
7147,pix
7148,credito
7149,boleto
7150,credito
7151,credito
7152,credito
7153,debito
7154,credito
7155,debito
7156,credito
7157,credito
7158,pix
7159,pix
7160,dinheiro
7161,credito
7162,credito
7163,boleto
7164,boleto
7165,debito
7166,credito
7167,credito
7168,credito
7169,credito
7170,credito
7171,pix
7172,credito
7173,credito
7174,dinheiro
7175,pix
7176,pix
7177,dinheiro
7178,credito
7179,boleto
7180,credito
7181,credito
7182,debito
7183,pix
7184,dinheiro
7185,credito
7186,credito
7187,credito
7188,credito
7189,boleto
7190,credito
7191,credito
7192,pix
7193,debito
7194,credito
7195,credito
7196,credito
7197,pix
7198,credito
7199,credito
7200,credito
7201,pix
7202,debito
7203,pix
7204,boleto
7205,credito
7206,debito
7207,credito
7208,credito
7209,credito
7210,credito
7211,boleto
7212,credito
7213,credito
7214,credito
7215,credito
7216,pix
7217,credito
7218,credito
7219,credito
7220,credito
7221,credito
7222,boleto
7223,credito
7224,debito
7225,credito
7226,credito
7227,credito
7228,credito
7229,dinheiro
7230,credito
7231,credito
7232,credito
7233,pix
7234,credito
7235,boleto
7236,pix
7237,pix
7238,credito
7239,credito
7240,credito
7241,credito
7242,credito
7243,credito
7244,credito
7245,credito
7246,credito
7247,pix
7248,credito
7249,pix
7250,boleto
7251,credito
7252,credito
7253,debito
7254,pix
7255,credito
7256,credito
7257,credito
7258,credito
7259,credito
7260,credito
7261,credito
7262,credito
7263,credito
7264,pix
7265,boleto
7266,boleto
7267,credito
7268,credito
7269,credito
7270,credito
7271,dinheiro
7272,credito
7273,credito
7274,credito
7275,pix
7276,credito
7277,pix
7278,credito
7279,credito
7280,credito
7281,credito
7282,pix
7283,debito
7284,pix
7285,debito
7286,boleto
7287,credito
7288,dinheiro
7289,credito
7290,credito
7291,debito
7292,debito
7293,credito
7294,credito
7295,credito
7296,pix
7297,credito
7298,dinheiro
7299,debito
7300,pix
7301,pix
7302,credito
7303,credito
7304,credito
7305,pix
7306,credito
7307,credito
7308,boleto
7309,dinheiro
7310,credito
7311,dinheiro
7312,credito
7313,credito
7314,credito
7315,credito
7316,credito
7317,credito
7318,pix
7319,credito
7320,credito
7321,credito
7322,pix
7323,credito
7324,credito
7325,credito
7326,credito
7327,pix
7328,credito
7329,credito
7330,credito
7331,credito
7332,credito
7333,pix
7334,credito
7335,credito
7336,boleto
7337,boleto
7338,credito
7339,credito
7340,credito
7341,debito
7342,credito
7343,credito
7344,credito
7345,credito
7346,credito
7347,debito
7348,debito
7349,boleto
7350,credito
7351,credito
7352,credito
7353,credito
7354,dinheiro
7355,credito
7356,pix
7357,pix
7358,credito
7359,debito
7360,boleto
7361,credito
7362,credito
7363,credito
7364,boleto
7365,boleto
7366,credito
7367,credito
7368,pix
7369,boleto
7370,boleto
7371,debito
7372,credito
7373,boleto
7374,credito
7375,boleto
7376,credito
7377,debito
7378,credito
7379,credito
7380,pix
7381,debito
7382,credito
7383,credito
7384,debito
7385,pix
7386,credito
7387,debito
7388,credito
7389,credito
7390,pix
7391,dinheiro
7392,debito
7393,credito
7394,credito
7395,credito
7396,pix
7397,pix
7398,pix
7399,credito
7400,debito
7401,pix
7402,credito
7403,credito
7404,credito
7405,credito
7406,pix
7407,credito
7408,debito
7409,debito
7410,pix
7411,credito
7412,credito
7413,boleto
7414,credito
7415,credito
7416,pix
7417,pix
7418,pix
7419,credito
7420,debito
7421,credito
7422,credito
7423,pix
7424,pix
7425,credito
7426,debito
7427,debito
7428,credito
7429,credito
7430,dinheiro
7431,credito
7432,dinheiro
7433,debito
7434,credito
7435,credito
7436,boleto
7437,pix
7438,pix
7439,credito
7440,credito
7441,credito
7442,credito
7443,credito
7444,credito
7445,credito
7446,pix
7447,credito
7448,debito
7449,pix
7450,credito
7451,debito
7452,credito
7453,debito
7454,credito
7455,credito
7456,boleto
7457,credito
7458,debito
7459,pix
7460,credito
7461,credito
7462,pix
7463,pix
7464,debito
7465,credito
7466,credito
7467,pix
7468,credito
7469,debito
7470,credito
7471,credito
7472,credito
7473,boleto
7474,dinheiro
7475,credito
7476,pix
7477,credito
7478,dinheiro
7479,credito
7480,credito
7481,credito
7482,pix
7483,credito
7484,pix
7485,boleto
7486,credito
7487,credito
7488,credito
7489,credito
7490,credito
7491,dinheiro
7492,pix
7493,credito
7494,credito
7495,credito
7496,credito
7497,credito
7498,debito
7499,credito
7500,pix
7501,pix
7502,credito
7503,credito
7504,credito
7505,credito
7506,pix
7507,pix
7508,credito
7509,credito
7510,credito
7511,pix
7512,debito
7513,credito
7514,credito
7515,pix
7516,credito
7517,credito
7518,debito
7519,pix
7520,pix
7521,pix
7522,pix
7523,pix
7524,pix
7525,credito
7526,credito
7527,pix
7528,credito
7529,pix
7530,boleto
7531,credito
7532,credito
7533,credito
7534,boleto
7535,credito
7536,credito
7537,credito
7538,credito
7539,credito
7540,boleto
7541,credito
7542,credito
7543,credito
7544,pix
7545,credito
7546,boleto
7547,credito
7548,pix
7549,debito
7550,credito
7551,boleto
7552,pix
7553,credito
7554,boleto
7555,credito
7556,boleto
7557,credito
7558,credito
7559,credito
7560,credito
7561,credito
7562,credito
7563,credito
7564,credito
7565,pix
7566,pix
7567,credito
7568,credito
7569,dinheiro
7570,pix
7571,pix
7572,credito
7573,dinheiro
7574,pix
7575,credito
7576,credito
7577,debito
7578,credito
7579,pix
7580,credito
7581,credito
7582,credito
7583,credito
7584,pix
7585,credito
7586,credito
7587,credito
7588,credito
7589,credito
7590,credito
7591,credito
7592,credito
7593,credito
7594,credito
7595,boleto
7596,pix
7597,credito
7598,boleto
7599,debito
7600,debito
7601,dinheiro
7602,credito
7603,debito
7604,pix
7605,credito
7606,credito
7607,credito
7608,credito
7609,debito
7610,credito
7611,credito
7612,credito
7613,credito
7614,credito
7615,credito
7616,credito
7617,boleto
7618,debito
7619,credito
7620,pix
7621,credito
7622,credito
7623,credito
7624,credito
7625,credito
7626,debito
7627,credito
7628,credito
7629,dinheiro
7630,credito
7631,credito
7632,credito
7633,boleto
7634,credito
7635,credito
7636,credito
7637,credito
7638,credito
7639,credito
7640,credito
7641,credito
7642,credito
7643,pix
7644,credito
7645,debito
7646,credito
7647,credito
7648,credito
7649,credito
7650,pix
7651,credito
7652,credito
7653,credito
7654,debito
7655,credito
7656,credito
7657,credito
7658,credito
7659,pix
7660,credito
7661,credito
7662,credito
7663,credito
7664,credito
7665,credito
7666,dinheiro
7667,credito
7668,credito
7669,boleto
7670,credito
7671,credito
7672,credito
7673,credito
7674,credito
7675,credito
7676,credito
7677,credito
7678,credito
7679,credito
7680,credito
7681,credito
7682,credito
7683,credito
7684,pix
7685,credito
7686,boleto
7687,pix
7688,credito
7689,debito
7690,boleto
7691,credito
7692,credito
7693,credito
7694,boleto
7695,credito
7696,pix
7697,credito
7698,credito
7699,boleto
7700,credito
7701,credito
7702,credito
7703,boleto
7704,debito
7705,credito
7706,dinheiro
7707,credito
7708,credito
7709,pix
7710,credito
7711,credito
7712,boleto
7713,credito
7714,pix
7715,credito
7716,credito
7717,boleto
7718,credito
7719,credito
7720,credito
7721,credito
7722,dinheiro
7723,credito
7724,credito
7725,credito
7726,credito
7727,credito
7728,credito
7729,debito
7730,credito
7731,credito
7732,credito
7733,dinheiro
7734,credito
7735,pix
7736,credito
7737,credito
7738,pix
7739,debito
7740,boleto
7741,boleto
7742,debito
7743,credito
7744,credito
7745,credito
7746,credito
7747,credito
7748,pix
7749,pix
7750,credito
7751,credito
7752,credito
7753,credito
7754,credito
7755,credito
7756,credito
7757,credito
7758,credito
7759,credito
7760,pix
7761,credito
7762,boleto
7763,boleto
7764,debito
7765,pix
7766,credito
7767,debito
7768,credito
7769,credito
7770,dinheiro
7771,debito
7772,credito
7773,credito
7774,credito
7775,pix
7776,credito
7777,credito
7778,credito
7779,pix
7780,credito
7781,credito
7782,boleto
7783,pix
7784,credito
7785,debito
7786,dinheiro
7787,pix
7788,boleto
7789,credito
7790,credito
7791,pix
7792,credito
7793,boleto
7794,pix
7795,credito
7796,credito
7797,credito
7798,credito
7799,credito
7800,credito
7801,credito
7802,credito
7803,credito
7804,credito
7805,pix
7806,credito
7807,credito
7808,credito
7809,credito
7810,credito
7811,credito
7812,credito
7813,credito
7814,debito
7815,debito
7816,debito
7817,pix
7818,debito
7819,debito
7820,credito
7821,credito
7822,debito
7823,pix
7824,credito
7825,credito
7826,boleto
7827,debito
7828,dinheiro
7829,credito
7830,credito
7831,credito
7832,credito
7833,credito
7834,credito
7835,debito
7836,pix
7837,credito
7838,credito
7839,boleto
7840,debito
7841,credito
7842,pix
7843,credito
7844,credito
7845,pix
7846,credito
7847,credito
7848,pix
7849,credito
7850,debito
7851,debito
7852,pix
7853,boleto
7854,credito
7855,credito
7856,credito
7857,credito
7858,credito
7859,debito
7860,credito
7861,credito
7862,credito
7863,debito
7864,boleto
7865,pix
7866,credito
7867,credito
7868,credito
7869,boleto
7870,credito
7871,credito
7872,credito
7873,credito
7874,credito
7875,boleto
7876,debito
7877,pix
7878,debito
7879,credito
7880,pix
7881,credito
7882,credito
7883,credito
7884,debito
7885,pix
7886,credito
7887,boleto
7888,pix
7889,credito
7890,credito
7891,pix
7892,credito
7893,debito
7894,credito
7895,dinheiro
7896,credito
7897,pix
7898,credito
7899,credito
7900,credito
7901,credito
7902,credito
7903,pix
7904,credito
7905,credito
7906,credito
7907,credito
7908,pix
7909,credito
7910,debito
7911,credito
7912,debito
7913,credito
7914,pix
7915,credito
7916,credito
7917,credito
7918,credito
7919,pix
7920,boleto
7921,credito
7922,credito
7923,debito
7924,credito
7925,credito
7926,credito
7927,pix
7928,boleto
7929,pix
7930,credito
7931,credito
7932,credito
7933,credito
7934,debito
7935,dinheiro
7936,credito
7937,credito
7938,credito
7939,pix
7940,credito
7941,pix
7942,credito
7943,boleto
7944,debito
7945,credito
7946,credito
7947,credito
7948,boleto
7949,credito
7950,pix
7951,pix
7952,debito
7953,debito
7954,boleto
7955,credito
7956,credito
7957,credito
7958,boleto
7959,credito
7960,pix
7961,credito
7962,boleto
7963,pix
7964,credito
7965,dinheiro
7966,credito
7967,credito
7968,credito
7969,credito
7970,credito
7971,pix
7972,credito
7973,pix
7974,credito
7975,dinheiro
7976,credito
7977,credito
7978,credito
7979,credito
7980,debito
7981,credito
7982,credito
7983,pix
7984,credito
7985,credito
7986,credito
7987,pix
7988,dinheiro
7989,pix
7990,credito
7991,debito
7992,credito
7993,pix
7994,credito
7995,credito
7996,credito
7997,credito
7998,boleto
7999,credito
8000,boleto
8001,dinheiro
8002,credito
8003,pix
8004,credito
8005,pix
8006,boleto
8007,credito
8008,pix
8009,credito
8010,credito
8011,boleto
8012,dinheiro
8013,debito
8014,credito
8015,credito
8016,credito
8017,credito
8018,credito
8019,debito
8020,credito
8021,credito
8022,dinheiro
8023,debito
8024,pix
8025,dinheiro
8026,pix
8027,credito
8028,credito
8029,pix
8030,dinheiro
8031,boleto
8032,credito
8033,debito
8034,debito
8035,credito
8036,pix
8037,debito
8038,credito
8039,credito
8040,pix
8041,debito
8042,pix
8043,credito
8044,debito
8045,debito
8046,credito
8047,credito
8048,credito
8049,credito
8050,debito
8051,credito
8052,credito
8053,credito
8054,credito
8055,credito
8056,credito
8057,debito
8058,pix
8059,credito
8060,debito
8061,credito
8062,credito
8063,credito
8064,debito
8065,pix
8066,debito
8067,credito
8068,pix
8069,debito
8070,credito
8071,boleto
8072,credito
8073,credito
8074,debito
8075,credito
8076,debito
8077,credito
8078,credito
8079,boleto
8080,pix
8081,credito
8082,debito
8083,credito
8084,pix
8085,credito
8086,credito
8087,credito
8088,credito
8089,credito
8090,pix
8091,pix
8092,pix
8093,credito
8094,credito
8095,credito
8096,boleto
8097,boleto
8098,credito
8099,credito
8100,boleto
8101,credito
8102,debito
8103,boleto
8104,credito
8105,credito
8106,boleto
8107,debito
8108,credito
8109,credito
8110,credito
8111,debito
8112,credito
8113,boleto
8114,credito
8115,credito
8116,debito
8117,boleto
8118,pix
8119,boleto
8120,debito
8121,pix
8122,credito
8123,debito
8124,pix
8125,credito
8126,boleto
8127,credito
8128,debito
8129,credito
8130,credito
8131,credito
8132,debito
8133,credito
8134,pix
8135,credito
8136,credito
8137,debito
8138,credito
8139,credito
8140,credito
8141,debito
8142,debito
8143,credito
8144,pix
8145,boleto
8146,debito
8147,boleto
8148,credito
8149,debito
8150,boleto
8151,boleto
8152,credito
8153,pix
8154,credito
8155,credito
8156,debito
8157,debito
8158,credito
8159,credito
8160,debito
8161,credito
8162,credito
8163,credito
8164,boleto
8165,credito
8166,credito
8167,credito
8168,credito
8169,debito
8170,credito
8171,credito
8172,credito
8173,debito
8174,debito
8175,credito
8176,credito
8177,boleto
8178,debito
8179,credito
8180,credito
8181,credito
8182,credito
8183,debito
8184,boleto
8185,pix
8186,credito
8187,credito
8188,boleto
8189,credito
8190,credito
8191,credito
8192,credito
8193,boleto
8194,pix
8195,debito
8196,credito
8197,boleto
8198,boleto
8199,dinheiro
8200,pix
8201,credito
8202,debito
8203,credito
8204,pix
8205,dinheiro
8206,debito
8207,credito
8208,credito
8209,credito
8210,pix
8211,credito
8212,debito
8213,pix
8214,credito
8215,credito
8216,credito
8217,debito
8218,credito
8219,pix
8220,credito
8221,dinheiro
8222,credito
8223,pix
8224,boleto
8225,credito
8226,credito
8227,boleto
8228,credito
8229,pix
8230,credito
8231,credito
8232,credito
8233,credito
8234,credito
8235,credito
8236,pix
8237,boleto
8238,credito
8239,credito
8240,debito
8241,debito
8242,dinheiro
8243,credito
8244,pix
8245,credito
8246,pix
8247,credito
8248,credito
8249,dinheiro
8250,credito
8251,debito
8252,credito
8253,credito
8254,credito
8255,debito
8256,credito
8257,pix
8258,dinheiro
8259,credito
8260,credito
8261,credito
8262,credito
8263,dinheiro
8264,credito
8265,debito
8266,debito
8267,dinheiro
8268,credito
8269,credito
8270,credito
8271,pix
8272,boleto
8273,credito
8274,boleto
8275,credito
8276,pix
8277,credito
8278,credito
8279,boleto
8280,debito
8281,boleto
8282,debito
8283,credito
8284,pix
8285,boleto
8286,dinheiro
8287,debito
8288,credito
8289,credito
8290,credito
8291,debito
8292,credito
8293,credito
8294,credito
8295,pix
8296,debito
8297,boleto
8298,credito
8299,debito
8300,pix
8301,credito
8302,credito
8303,credito
8304,credito
8305,credito
8306,credito
8307,credito
8308,credito
8309,credito
8310,credito
8311,credito
8312,pix
8313,credito
8314,credito
8315,credito
8316,pix
8317,credito
8318,credito
8319,credito
8320,credito
8321,credito
8322,debito
8323,pix
8324,boleto
8325,boleto
8326,credito
8327,credito
8328,credito
8329,credito
8330,pix
8331,credito
8332,dinheiro
8333,debito
8334,debito
8335,credito
8336,credito
8337,credito
8338,credito
8339,boleto
8340,boleto
8341,credito
8342,pix
8343,boleto
8344,credito
8345,credito
8346,pix
8347,debito
8348,credito
8349,credito
8350,pix
8351,credito
8352,pix
8353,boleto
8354,credito
8355,credito
8356,credito
8357,pix
8358,credito
8359,boleto
8360,credito
8361,pix
8362,credito
8363,credito
8364,credito
8365,credito
8366,debito
8367,credito
8368,debito
8369,credito
8370,credito
8371,boleto
8372,credito
8373,dinheiro
8374,credito
8375,pix
8376,credito
8377,credito
8378,credito
8379,credito
8380,credito
8381,credito
8382,credito
8383,credito
8384,pix
8385,boleto
8386,debito
8387,pix
8388,credito
8389,credito
8390,credito
8391,boleto
8392,credito
8393,credito
8394,boleto
8395,credito
8396,debito
8397,credito
8398,credito
8399,boleto
8400,credito
8401,boleto
8402,credito
8403,credito
8404,credito
8405,pix
8406,credito
8407,credito
8408,pix
8409,credito
8410,credito
8411,credito
8412,credito
8413,credito
8414,dinheiro
8415,credito
8416,credito
8417,credito
8418,credito
8419,debito
8420,credito
8421,pix
8422,boleto
8423,credito
8424,credito
8425,credito
8426,boleto
8427,credito
8428,credito
8429,credito
8430,credito
8431,credito
8432,credito
8433,pix
8434,boleto
8435,credito
8436,credito
8437,credito
8438,credito
8439,credito
8440,dinheiro
8441,credito
8442,credito
8443,credito
8444,credito
8445,pix
8446,credito
8447,credito
8448,credito
8449,pix
8450,dinheiro
8451,credito
8452,credito
8453,credito
8454,credito
8455,credito
8456,pix
8457,credito
8458,credito
8459,debito
8460,credito
8461,credito
8462,credito
8463,credito
8464,credito
8465,pix
8466,debito
8467,boleto
8468,credito
8469,credito
8470,debito
8471,boleto
8472,boleto
8473,credito
8474,credito
8475,pix
8476,dinheiro
8477,debito
8478,credito
8479,credito
8480,dinheiro
8481,debito
8482,debito
8483,credito
8484,debito
8485,pix
8486,credito
8487,credito
8488,credito
8489,credito
8490,pix
8491,credito
8492,pix
8493,pix
8494,credito
8495,credito
8496,credito
8497,credito
8498,credito
8499,credito
8500,credito
8501,credito
8502,dinheiro
8503,boleto
8504,boleto
8505,debito
8506,pix
8507,credito
8508,credito
8509,pix
8510,pix
8511,credito
8512,credito
8513,credito
8514,credito
8515,pix
8516,debito
8517,credito
8518,pix
8519,debito
8520,dinheiro
8521,pix
8522,credito
8523,credito
8524,credito
8525,pix
8526,credito
8527,boleto
8528,credito
8529,credito
8530,credito
8531,credito
8532,credito
8533,pix
8534,credito
8535,credito
8536,credito
8537,credito
8538,debito
8539,credito
8540,credito
8541,credito
8542,boleto
8543,credito
8544,credito
8545,credito
8546,credito
8547,debito
8548,boleto
8549,credito
8550,credito
8551,credito
8552,boleto
8553,credito
8554,pix
8555,credito
8556,credito
8557,credito
8558,debito
8559,debito
8560,credito
8561,credito
8562,credito
8563,credito
8564,credito
8565,boleto
8566,credito
8567,boleto
8568,debito
8569,credito
8570,pix
8571,credito
8572,credito
8573,credito
8574,boleto
8575,credito
8576,credito
8577,debito
8578,pix
8579,pix
8580,boleto
8581,credito
8582,credito
8583,credito
8584,credito
8585,dinheiro
8586,pix
8587,credito
8588,pix
8589,pix
8590,credito
8591,credito
8592,credito
8593,dinheiro
8594,credito
8595,pix
8596,credito
8597,credito
8598,pix
8599,credito
8600,credito
8601,credito
8602,credito
8603,credito
8604,credito
8605,credito
8606,credito
8607,credito
8608,credito
8609,credito
8610,debito
8611,pix
8612,credito
8613,credito
8614,credito
8615,credito
8616,credito
8617,debito
8618,credito
8619,dinheiro
8620,boleto
8621,pix
8622,debito
8623,credito
8624,boleto
8625,credito
8626,pix
8627,debito
8628,credito
8629,credito
8630,credito
8631,credito
8632,debito
8633,debito
8634,credito
8635,credito
8636,credito
8637,pix
8638,credito
8639,debito
8640,boleto
8641,credito
8642,debito
8643,credito
8644,credito
8645,credito
8646,credito
8647,pix
8648,credito
8649,pix
8650,credito
8651,credito
8652,credito
8653,credito
8654,credito
8655,pix
8656,credito
8657,dinheiro
8658,boleto
8659,credito
8660,credito
8661,pix
8662,pix
8663,credito
8664,boleto
8665,credito
8666,credito
8667,credito
8668,boleto
8669,credito
8670,credito
8671,credito
8672,debito
8673,pix
8674,credito
8675,pix
8676,credito
8677,pix
8678,debito
8679,dinheiro
8680,credito
8681,pix
8682,credito
8683,credito
8684,credito
8685,credito
8686,debito
8687,credito
8688,dinheiro
8689,credito
8690,credito
8691,dinheiro
8692,dinheiro
8693,credito
8694,credito
8695,credito
8696,boleto
8697,credito
8698,credito
8699,pix
8700,pix
8701,credito
8702,credito
8703,credito
8704,credito
8705,pix
8706,boleto
8707,boleto
8708,credito
8709,pix
8710,credito
8711,credito
8712,credito
8713,credito
8714,dinheiro
8715,credito
8716,pix
8717,credito
8718,credito
8719,credito
8720,credito
8721,boleto
8722,pix
8723,credito
8724,dinheiro
8725,credito
8726,pix
8727,debito
8728,credito
8729,debito
8730,credito
8731,dinheiro
8732,boleto
8733,credito
8734,credito
8735,debito
8736,dinheiro
8737,credito
8738,credito
8739,pix
8740,pix
8741,credito
8742,debito
8743,credito
8744,boleto
8745,boleto
8746,pix
8747,credito
8748,credito
8749,pix
8750,credito
8751,credito
8752,pix
8753,credito
8754,credito
8755,credito
8756,debito
8757,pix
8758,credito
8759,credito
8760,credito
8761,credito
8762,credito
8763,credito
8764,pix
8765,credito
8766,credito
8767,boleto
8768,credito
8769,credito
8770,credito
8771,debito
8772,dinheiro
8773,dinheiro
8774,boleto
8775,dinheiro
8776,boleto
8777,pix
8778,credito
8779,credito
8780,credito
8781,boleto
8782,credito
8783,credito
8784,credito
8785,credito
8786,credito
8787,debito
8788,credito
8789,credito
8790,credito
8791,credito
8792,credito
8793,pix
8794,credito
8795,debito
8796,pix
8797,pix
8798,dinheiro
8799,debito
8800,debito
8801,boleto
8802,credito
8803,credito
8804,credito
8805,credito
8806,credito
8807,credito
8808,credito
8809,pix
8810,boleto
8811,boleto
8812,boleto
8813,boleto
8814,credito
8815,boleto
8816,credito
8817,credito
8818,credito
8819,credito
8820,pix
8821,debito
8822,credito
8823,credito
8824,credito
8825,dinheiro
8826,credito
8827,credito
8828,pix
8829,boleto
8830,credito
8831,credito
8832,credito
8833,pix
8834,credito
8835,pix
8836,credito
8837,debito
8838,debito
8839,credito
8840,boleto
8841,boleto
8842,debito
8843,dinheiro
8844,credito
8845,credito
8846,dinheiro
8847,credito
8848,boleto
8849,debito
8850,pix
8851,credito
8852,pix
8853,credito
8854,credito
8855,credito
8856,credito
8857,pix
8858,credito
8859,debito
8860,credito
8861,credito
8862,credito
8863,credito
8864,pix
8865,credito
8866,pix
8867,credito
8868,pix
8869,credito
8870,credito
8871,credito
8872,boleto
8873,credito
8874,credito
8875,credito
8876,debito
8877,debito
8878,boleto
8879,debito
8880,boleto
8881,credito
8882,debito
8883,debito
8884,pix
8885,credito
8886,credito
8887,credito
8888,credito
8889,credito
8890,credito
8891,pix
8892,credito
8893,debito
8894,dinheiro
8895,pix
8896,dinheiro
8897,credito
8898,credito
8899,credito
8900,credito
8901,debito
8902,pix
8903,credito
8904,credito
8905,credito
8906,pix
8907,credito
8908,debito
8909,pix
8910,pix
8911,credito
8912,boleto
8913,pix
8914,credito
8915,credito
8916,credito
8917,credito
8918,credito
8919,credito
8920,credito
8921,debito
8922,boleto
8923,credito
8924,credito
8925,credito
8926,credito
8927,pix
8928,credito
8929,pix
8930,credito
8931,credito
8932,credito
8933,credito
8934,pix
8935,credito
8936,dinheiro
8937,pix
8938,credito
8939,pix
8940,credito
8941,credito
8942,credito
8943,credito
8944,credito
8945,credito
8946,credito
8947,debito
8948,credito
8949,credito
8950,credito
8951,credito
8952,credito
8953,credito
8954,pix
8955,dinheiro
8956,pix
8957,pix
8958,pix
8959,credito
8960,debito
8961,credito
8962,credito
8963,credito
8964,pix
8965,pix
8966,pix
8967,credito
8968,credito
8969,boleto
8970,credito
8971,credito
8972,credito
8973,debito
8974,credito
8975,debito
8976,credito
8977,credito
8978,boleto
8979,credito
8980,debito
8981,pix
8982,boleto
8983,credito
8984,boleto
8985,credito
8986,credito
8987,pix
8988,pix
8989,pix
8990,pix
8991,credito
8992,pix
8993,credito
8994,boleto
8995,credito
8996,credito
8997,pix
8998,pix
8999,debito
9000,credito
9001,credito
9002,credito
9003,credito
9004,credito
9005,credito
9006,credito
9007,debito
9008,dinheiro
9009,debito
9010,credito
9011,credito
9012,credito
9013,debito
9014,pix
9015,pix
9016,credito
9017,debito
9018,credito
9019,boleto
9020,credito
9021,dinheiro
9022,pix
9023,credito
9024,credito
9025,pix
9026,debito
9027,credito
9028,credito
9029,credito
9030,pix
9031,pix
9032,debito
9033,credito
9034,credito
9035,credito
9036,credito
9037,boleto
9038,credito
9039,boleto
9040,boleto
9041,debito
9042,credito
9043,pix
9044,credito
9045,debito
9046,pix
9047,credito
9048,credito
9049,pix
9050,pix
9051,credito
9052,credito
9053,credito
9054,dinheiro
9055,credito
9056,credito
9057,debito
9058,dinheiro
9059,credito
9060,pix
9061,credito
9062,credito
9063,pix
9064,pix
9065,debito
9066,boleto
9067,credito
9068,credito
9069,credito
9070,credito
9071,dinheiro
9072,credito
9073,credito
9074,credito
9075,dinheiro
9076,boleto
9077,boleto
9078,pix
9079,pix
9080,credito
9081,credito
9082,credito
9083,credito
9084,credito
9085,credito
9086,credito
9087,credito
9088,credito
9089,debito
9090,credito
9091,credito
9092,credito
9093,credito
9094,credito
9095,pix
9096,dinheiro
9097,credito
9098,debito
9099,boleto
9100,boleto
9101,dinheiro
9102,dinheiro
9103,credito
9104,dinheiro
9105,debito
9106,pix
9107,pix
9108,debito
9109,credito
9110,credito
9111,pix
9112,credito
9113,credito
9114,credito
9115,credito
9116,credito
9117,credito
9118,credito
9119,credito
9120,credito
9121,debito
9122,credito
9123,credito
9124,credito
9125,credito
9126,credito
9127,credito
9128,credito
9129,credito
9130,boleto
9131,credito
9132,boleto
9133,credito
9134,pix
9135,credito
9136,debito
9137,boleto
9138,credito
9139,dinheiro
9140,credito
9141,pix
9142,pix
9143,credito
9144,credito
9145,boleto
9146,debito
9147,credito
9148,credito
9149,credito
9150,credito
9151,credito
9152,debito
9153,credito
9154,credito
9155,credito
9156,credito
9157,credito
9158,debito
9159,debito
9160,credito
9161,credito
9162,credito
9163,boleto
9164,pix
9165,credito
9166,credito
9167,credito
9168,credito
9169,boleto
9170,credito
9171,credito
9172,credito
9173,credito
9174,pix
9175,debito
9176,credito
9177,credito
9178,credito
9179,credito
9180,pix
9181,credito
9182,credito
9183,credito
9184,debito
9185,credito
9186,credito
9187,dinheiro
9188,credito
9189,credito
9190,debito
9191,credito
9192,credito
9193,boleto
9194,boleto
9195,credito
9196,credito
9197,dinheiro
9198,pix
9199,pix
9200,pix
9201,credito
9202,credito
9203,credito
9204,credito
9205,credito
9206,dinheiro
9207,pix
9208,credito
9209,pix
9210,pix
9211,credito
9212,debito
9213,credito
9214,credito
9215,credito
9216,credito
9217,debito
9218,pix
9219,boleto
9220,credito
9221,credito
9222,dinheiro
9223,credito
9224,credito
9225,credito
9226,credito
9227,debito
9228,credito
9229,debito
9230,dinheiro
9231,credito
9232,pix
9233,credito
9234,dinheiro
9235,credito
9236,credito
9237,boleto
9238,credito
9239,credito
9240,debito
9241,boleto
9242,debito
9243,credito
9244,pix
9245,credito
9246,credito
9247,credito
9248,credito
9249,credito
9250,credito
9251,debito
9252,pix
9253,debito
9254,credito
9255,credito
9256,credito
9257,debito
9258,pix
9259,credito
9260,pix
9261,credito
9262,debito
9263,credito
9264,credito
9265,boleto
9266,dinheiro
9267,pix
9268,credito
9269,credito
9270,pix
9271,credito
9272,credito
9273,pix
9274,pix
9275,debito
9276,dinheiro
9277,dinheiro
9278,credito
9279,credito
9280,pix
9281,dinheiro
9282,debito
9283,credito
9284,credito
9285,credito
9286,debito
9287,pix
9288,credito
9289,pix
9290,credito
9291,credito
9292,credito
9293,credito
9294,credito
9295,credito
9296,dinheiro
9297,credito
9298,credito
9299,credito
9300,credito
9301,credito
9302,credito
9303,credito
9304,credito
9305,pix
9306,credito
9307,credito
9308,credito
9309,credito
9310,credito
9311,pix
9312,credito
9313,credito
9314,pix
9315,credito
9316,pix
9317,boleto
9318,pix
9319,pix
9320,dinheiro
9321,credito
9322,credito
9323,boleto
9324,credito
9325,debito
9326,credito
9327,credito
9328,credito
9329,debito
9330,boleto
9331,credito
9332,dinheiro
9333,credito
9334,credito
9335,credito
9336,credito
9337,credito
9338,credito
9339,credito
9340,credito
9341,pix
9342,credito
9343,debito
9344,pix
9345,credito
9346,pix
9347,credito
9348,boleto
9349,credito
9350,credito
9351,credito
9352,credito
9353,credito
9354,credito
9355,credito
9356,pix
9357,credito
9358,credito
9359,credito
9360,credito
9361,dinheiro
9362,credito
9363,pix
9364,debito
9365,dinheiro
9366,credito
9367,credito
9368,credito
9369,pix
9370,credito
9371,credito
9372,pix
9373,credito
9374,boleto
9375,credito
9376,credito
9377,credito
9378,pix
9379,credito
9380,credito
9381,credito
9382,credito
9383,credito
9384,boleto
9385,pix
9386,credito
9387,dinheiro
9388,credito
9389,credito
9390,credito
9391,credito
9392,credito
9393,credito
9394,pix
9395,credito
9396,pix
9397,dinheiro
9398,credito
9399,credito
9400,credito
9401,boleto
9402,credito
9403,credito
9404,pix
9405,pix
9406,credito
9407,credito
9408,credito
9409,boleto
9410,credito
9411,debito
9412,credito
9413,boleto
9414,boleto
9415,credito
9416,credito
9417,credito
9418,debito
9419,credito
9420,boleto
9421,debito
9422,credito
9423,credito
9424,pix
9425,credito
9426,boleto
9427,credito
9428,credito
9429,credito
9430,credito
9431,debito
9432,credito
9433,credito
9434,credito
9435,credito
9436,pix
9437,credito
9438,credito
9439,credito
9440,credito
9441,credito
9442,pix
9443,credito
9444,debito
9445,credito
9446,debito
9447,credito
9448,credito
9449,debito
9450,credito
9451,credito
9452,credito
9453,pix
9454,credito
9455,credito
9456,credito
9457,credito
9458,dinheiro
9459,dinheiro
9460,pix
9461,credito
9462,credito
9463,credito
9464,credito
9465,boleto
9466,pix
9467,pix
9468,credito
9469,credito
9470,credito
9471,credito
9472,credito
9473,boleto
9474,debito
9475,credito
9476,credito
9477,pix
9478,credito
9479,debito
9480,debito
9481,credito
9482,credito
9483,credito
9484,credito
9485,boleto
9486,debito
9487,credito
9488,credito
9489,credito
9490,credito
9491,credito
9492,credito
9493,credito
9494,credito
9495,credito
9496,credito
9497,credito
9498,dinheiro
9499,debito
9500,credito
9501,boleto
9502,pix
9503,credito
9504,credito
9505,credito
9506,dinheiro
9507,credito
9508,pix
9509,dinheiro
9510,credito
9511,boleto
9512,credito
9513,credito
9514,credito
9515,debito
9516,credito
9517,boleto
9518,credito
9519,debito
9520,credito
9521,credito
9522,credito
9523,credito
9524,credito
9525,credito
9526,credito
9527,credito
9528,pix
9529,credito
9530,credito
9531,credito
9532,credito
9533,pix
9534,credito
9535,pix
9536,credito
9537,pix
9538,credito
9539,debito
9540,dinheiro
9541,pix
9542,credito
9543,credito
9544,credito
9545,debito
9546,pix
9547,credito
9548,pix
9549,credito
9550,credito
9551,dinheiro
9552,debito
9553,credito
9554,credito
9555,debito
9556,credito
9557,credito
9558,credito
9559,credito
9560,debito
9561,credito
9562,pix
9563,credito
9564,pix
9565,credito
9566,credito
9567,pix
9568,pix
9569,boleto
9570,credito
9571,pix
9572,credito
9573,credito
9574,credito
9575,credito
9576,pix
9577,debito
9578,credito
9579,pix
9580,boleto
9581,credito
9582,credito
9583,credito
9584,credito
9585,pix
9586,credito
9587,credito
9588,credito
9589,pix
9590,credito
9591,dinheiro
9592,credito
9593,credito
9594,credito
9595,dinheiro
9596,credito
9597,credito
9598,pix
9599,credito
9600,credito
9601,credito
9602,boleto
9603,credito
9604,pix
9605,pix
9606,credito
9607,credito
9608,pix
9609,pix
9610,boleto
9611,credito
9612,credito
9613,credito
9614,credito
9615,credito
9616,pix
9617,credito
9618,boleto
9619,credito
9620,boleto
9621,credito
9622,pix
9623,credito
9624,credito
9625,boleto
9626,debito
9627,credito
9628,credito
9629,credito
9630,boleto
9631,credito
9632,pix
9633,dinheiro
9634,dinheiro
9635,debito
9636,credito
9637,credito
9638,credito
9639,credito
9640,credito
9641,boleto
9642,credito
9643,credito
9644,credito
9645,credito
9646,boleto
9647,credito
9648,debito
9649,credito
9650,pix
9651,credito
9652,credito
9653,debito
9654,pix
9655,credito
9656,debito
9657,pix
9658,credito
9659,boleto
9660,credito
9661,debito
9662,dinheiro
9663,boleto
9664,debito
9665,credito
9666,debito
9667,debito
9668,credito
9669,credito
9670,dinheiro
9671,credito
9672,boleto
9673,credito
9674,credito
9675,pix
9676,credito
9677,credito
9678,credito
9679,credito
9680,credito
9681,pix
9682,debito
9683,debito
9684,credito
9685,dinheiro
9686,pix
9687,credito
9688,debito
9689,credito
9690,credito
9691,credito
9692,debito
9693,credito
9694,debito
9695,credito
9696,credito
9697,credito
9698,boleto
9699,credito
9700,credito
9701,credito
9702,pix
9703,credito
9704,credito
9705,credito
9706,credito
9707,pix
9708,credito
9709,credito
9710,debito
9711,credito
9712,credito
9713,credito
9714,pix
9715,pix
9716,credito
9717,credito
9718,credito
9719,pix
9720,dinheiro
9721,credito
9722,debito
9723,dinheiro
9724,boleto
9725,credito
9726,credito
9727,pix
9728,credito
9729,credito
9730,boleto
9731,debito
9732,credito
9733,debito
9734,pix
9735,credito
9736,credito
9737,credito
9738,dinheiro
9739,credito
9740,credito
9741,credito
9742,debito
9743,debito
9744,pix
9745,debito
9746,credito
9747,pix
9748,credito
9749,dinheiro
9750,pix
9751,credito
9752,credito
9753,credito
9754,credito
9755,credito
9756,credito
9757,credito
9758,credito
9759,debito
9760,debito
9761,credito
9762,credito
9763,debito
9764,credito
9765,credito
9766,debito
9767,credito
9768,credito
9769,credito
9770,debito
9771,credito
9772,pix
9773,credito
9774,debito
9775,debito
9776,credito
9777,credito
9778,credito
9779,credito
9780,boleto
9781,pix
9782,credito
9783,credito
9784,credito
9785,credito
9786,credito
9787,dinheiro
9788,pix
9789,credito
9790,debito
9791,dinheiro
9792,pix
9793,credito
9794,credito
9795,pix
9796,credito
9797,dinheiro
9798,credito
9799,credito
9800,credito
9801,pix
9802,pix
9803,credito
9804,pix
9805,debito
9806,credito
9807,dinheiro
9808,credito
9809,credito
9810,debito
9811,credito
9812,boleto
9813,credito
9814,credito
9815,credito
9816,boleto
9817,pix
9818,credito
9819,credito
9820,credito
9821,credito
9822,credito
9823,credito
9824,credito
9825,pix
9826,credito
9827,credito
9828,pix
9829,pix
9830,debito
9831,pix
9832,credito
9833,credito
9834,credito
9835,boleto
9836,credito
9837,pix
9838,debito
9839,pix
9840,pix
9841,pix
9842,credito
9843,credito
9844,credito
9845,boleto
9846,credito
9847,boleto
9848,debito
9849,debito
9850,credito
9851,pix
9852,boleto
9853,dinheiro
9854,pix
9855,credito
9856,credito
9857,credito
9858,credito
9859,pix
9860,credito
9861,credito
9862,credito
9863,credito
9864,credito
9865,debito
9866,pix
9867,pix
9868,pix
9869,credito
9870,credito
9871,debito
9872,credito
9873,debito
9874,credito
9875,debito
9876,credito
9877,credito
9878,credito
9879,pix
9880,pix
9881,credito
9882,boleto
9883,debito
9884,boleto
9885,pix
9886,boleto
9887,credito
9888,credito
9889,dinheiro
9890,credito
9891,debito
9892,debito
9893,credito
9894,credito
9895,credito
9896,credito
9897,credito
9898,credito
9899,credito
9900,dinheiro
9901,credito
9902,credito
9903,credito
9904,credito
9905,credito
9906,credito
9907,credito
9908,credito
9909,credito
9910,credito
9911,credito
9912,boleto
9913,credito
9914,credito
9915,credito
9916,credito
9917,credito
9918,credito
9919,credito
9920,credito
9921,boleto
9922,credito
9923,boleto
9924,debito
9925,credito
9926,credito
9927,debito
9928,debito
9929,credito
9930,credito
9931,credito
9932,debito
9933,credito
9934,pix
9935,credito
9936,dinheiro
9937,pix
9938,credito
9939,credito
9940,credito
9941,debito
9942,credito
9943,pix
9944,credito
9945,pix
9946,credito
9947,credito
9948,credito
9949,pix
9950,credito
9951,credito
9952,dinheiro
9953,credito
9954,credito
9955,credito
9956,credito
9957,dinheiro
9958,credito
9959,credito
9960,boleto
9961,credito
9962,credito
9963,boleto
9964,credito
9965,credito
9966,credito
9967,credito
9968,credito
9969,pix
9970,pix
9971,pix
9972,credito
9973,credito
9974,dinheiro
9975,credito
9976,credito
9977,pix
9978,dinheiro
9979,credito
9980,credito
9981,credito
9982,debito
9983,debito
9984,credito
9985,pix
9986,credito
9987,credito
9988,dinheiro
9989,credito
9990,pix
9991,dinheiro
9992,credito
9993,credito
9994,credito
9995,credito
9996,credito
9997,debito
9998,credito
9999,credito
10000,debito
10001,credito
10002,dinheiro
10003,credito
10004,credito
10005,pix
10006,credito
10007,boleto
10008,credito
10009,debito
10010,credito
10011,credito
10012,credito
10013,credito
10014,debito
10015,credito
10016,pix
10017,credito
10018,credito
10019,pix
10020,credito
10021,credito
10022,credito
10023,debito
10024,pix
10025,credito
10026,credito
10027,dinheiro
10028,debito
10029,pix
10030,pix
10031,credito
10032,boleto
10033,pix
10034,credito
10035,credito
10036,credito
10037,credito
10038,credito
10039,credito
10040,credito
10041,credito
10042,pix
10043,pix
10044,credito
10045,credito
10046,credito
10047,boleto
10048,credito
10049,credito
10050,credito
10051,credito
10052,pix
10053,pix
10054,boleto
10055,credito
10056,dinheiro
10057,debito
10058,pix
10059,credito
10060,credito
10061,debito
10062,debito
10063,debito
10064,debito
10065,credito
10066,pix
10067,debito
10068,credito
10069,boleto
10070,pix
10071,pix
10072,pix
10073,credito
10074,credito
10075,credito
10076,credito
10077,credito
10078,credito
10079,credito
10080,credito
10081,pix
10082,credito
10083,pix
10084,pix
10085,debito
10086,credito
10087,boleto
10088,credito
10089,credito
10090,credito
10091,credito
10092,credito
10093,credito
10094,debito
10095,debito
10096,credito
10097,pix
10098,credito
10099,pix
10100,boleto
10101,credito
10102,credito
10103,credito
10104,credito
10105,pix
10106,credito
10107,credito
10108,dinheiro
10109,credito
10110,credito
10111,credito
10112,credito
10113,credito
10114,debito
10115,credito
10116,credito
10117,credito
10118,debito
10119,pix
10120,credito
10121,pix
10122,credito
10123,boleto
10124,credito
10125,debito
10126,credito
10127,credito
10128,pix
10129,credito
10130,debito
10131,credito
10132,boleto
10133,pix
10134,credito
10135,boleto
10136,pix
10137,credito
10138,pix
10139,credito
10140,credito
10141,pix
10142,credito
10143,credito
10144,credito
10145,pix
10146,credito
10147,debito
10148,credito
10149,credito
10150,credito
10151,boleto
10152,pix
10153,boleto
10154,credito
10155,credito
10156,credito
10157,credito
10158,credito
10159,pix
10160,credito
10161,credito
10162,debito
10163,dinheiro
10164,credito
10165,credito
10166,credito
10167,credito
10168,credito
10169,credito
10170,credito
10171,credito
10172,pix
10173,dinheiro
10174,credito
10175,credito
10176,boleto
10177,credito
10178,credito
10179,debito
10180,debito
10181,pix
10182,credito
10183,credito
10184,pix
10185,pix
10186,dinheiro
10187,boleto
10188,credito
10189,credito
10190,credito
10191,boleto
10192,dinheiro
10193,credito
10194,credito
10195,pix
10196,debito
10197,debito
10198,credito
10199,pix
10200,pix
10201,pix
10202,boleto
10203,pix
10204,debito
10205,credito
10206,credito
10207,boleto
10208,credito
10209,credito
10210,credito
10211,credito
10212,credito
10213,boleto
10214,credito
10215,credito
10216,credito
10217,debito
10218,boleto
10219,credito
10220,credito
10221,pix
10222,credito
10223,boleto
10224,credito
10225,credito
10226,credito
10227,credito
10228,credito
10229,pix
10230,credito
10231,pix
10232,pix
10233,credito
10234,pix
10235,pix
10236,credito
10237,credito
10238,pix
10239,credito
10240,dinheiro
10241,pix
10242,pix
10243,credito
10244,credito
10245,credito
10246,credito
10247,debito
10248,credito
10249,boleto
10250,credito
10251,credito
10252,pix
10253,credito
10254,credito
10255,credito
10256,credito
10257,credito
10258,credito
10259,credito
10260,credito
10261,debito
10262,credito
10263,debito
10264,credito
10265,credito
10266,credito
10267,credito
10268,pix
10269,credito
10270,pix
10271,credito
10272,credito
10273,debito
10274,credito
10275,pix
10276,credito
10277,credito
10278,credito
10279,pix
10280,pix
10281,credito
10282,credito
10283,credito
10284,credito
10285,credito
10286,pix
10287,credito
10288,credito
10289,debito
10290,credito
10291,pix
10292,debito
10293,credito
10294,debito
10295,dinheiro
10296,credito
10297,pix
10298,credito
10299,credito
10300,boleto
10301,credito
10302,credito
10303,boleto
10304,pix
10305,credito
10306,debito
10307,pix
10308,pix
10309,credito
10310,credito
10311,credito
10312,credito
10313,credito
10314,boleto
10315,credito
10316,credito
10317,debito
10318,pix
10319,boleto
10320,credito
10321,boleto
10322,debito
10323,boleto
10324,boleto
10325,credito
10326,debito
10327,boleto
10328,credito
10329,credito
10330,pix
10331,credito
10332,credito
10333,debito
10334,credito
10335,credito
10336,credito
10337,pix
10338,credito
10339,dinheiro
10340,pix
10341,credito
10342,credito
10343,pix
10344,pix
10345,boleto
10346,credito
10347,boleto
10348,credito
10349,credito
10350,dinheiro
10351,credito
10352,boleto
10353,credito
10354,credito
10355,credito
10356,credito
10357,debito
10358,credito
10359,boleto
10360,pix
10361,credito
10362,credito
10363,pix
10364,boleto
10365,credito
10366,debito
10367,credito
10368,boleto
10369,debito
10370,pix
10371,boleto
10372,credito
10373,credito
10374,credito
10375,credito
10376,credito
10377,pix
10378,pix
10379,credito
10380,credito
10381,credito
10382,debito
10383,pix
10384,credito
10385,credito
10386,credito
10387,pix
10388,credito
10389,credito
10390,credito
10391,credito
10392,credito
10393,credito
10394,credito
10395,credito
10396,credito
10397,credito
10398,credito
10399,credito
10400,credito
10401,boleto
10402,pix
10403,credito
10404,credito
10405,credito
10406,boleto
10407,pix
10408,credito
10409,credito
10410,pix
10411,dinheiro
10412,pix
10413,debito
10414,credito
10415,debito
10416,dinheiro
10417,credito
10418,credito
10419,credito
10420,pix
10421,credito
10422,credito
10423,credito
10424,credito
10425,debito
10426,credito
10427,dinheiro
10428,debito
10429,credito
10430,credito
10431,dinheiro
10432,credito
10433,debito
10434,credito
10435,boleto
10436,credito
10437,boleto
10438,pix
10439,credito
10440,pix
10441,credito
10442,credito
10443,credito
10444,credito
10445,credito
10446,credito
10447,credito
10448,pix
10449,credito
10450,pix
10451,pix
10452,credito
10453,credito
10454,debito
10455,credito
10456,credito
10457,credito
10458,pix
10459,pix
10460,credito
10461,credito
10462,credito
10463,credito
10464,credito
10465,credito
10466,credito
10467,credito
10468,credito
10469,credito
10470,credito
10471,credito
10472,boleto
10473,credito
10474,debito
10475,credito
10476,credito
10477,credito
10478,credito
10479,credito
10480,credito
10481,credito
10482,credito
10483,credito
10484,debito
10485,boleto
10486,credito
10487,credito
10488,credito
10489,credito
10490,debito
10491,pix
10492,pix
10493,debito
10494,pix
10495,credito
10496,boleto
10497,credito
10498,credito
10499,credito
10500,credito
10501,debito
10502,credito
10503,pix
10504,credito
10505,dinheiro
10506,pix
10507,credito
10508,credito
10509,credito
10510,pix
10511,credito
10512,credito
10513,credito
10514,credito
10515,pix
10516,debito
10517,pix
10518,credito
10519,dinheiro
10520,credito
10521,credito
10522,credito
10523,credito
10524,credito
10525,dinheiro
10526,pix
10527,pix
10528,credito
10529,debito
10530,credito
10531,credito
10532,credito
10533,credito
10534,credito
10535,credito
10536,debito
10537,dinheiro
10538,debito
10539,credito
10540,debito
10541,credito
10542,pix
10543,debito
10544,dinheiro
10545,pix
10546,debito
10547,credito
10548,credito
10549,dinheiro
10550,credito
10551,credito
10552,credito
10553,credito
10554,dinheiro
10555,credito
10556,pix
10557,pix
10558,pix
10559,credito
10560,credito
10561,credito
10562,credito
10563,credito
10564,credito
10565,credito
10566,credito
10567,boleto
10568,boleto
10569,boleto
10570,credito
10571,credito
10572,boleto
10573,credito
10574,credito
10575,credito
10576,credito
10577,credito
10578,pix
10579,pix
10580,pix
10581,credito
10582,credito
10583,credito
10584,credito
10585,credito
10586,credito
10587,credito
10588,debito
10589,credito
10590,pix
10591,credito
10592,credito
10593,debito
10594,pix
10595,dinheiro
10596,credito
10597,debito
10598,credito
10599,credito
10600,boleto
10601,debito
10602,pix
10603,boleto
10604,credito
10605,pix
10606,dinheiro
10607,credito
10608,credito
10609,credito
10610,credito
10611,credito
10612,credito
10613,credito
10614,dinheiro
10615,credito
10616,credito
10617,pix
10618,credito
10619,credito
10620,credito
10621,credito
10622,credito
10623,credito
10624,boleto
10625,debito
10626,pix
10627,credito
10628,pix
10629,credito
10630,credito
10631,pix
10632,credito
10633,credito
10634,credito
10635,pix
10636,debito
10637,credito
10638,pix
10639,dinheiro
10640,credito
10641,credito
10642,debito
10643,debito
10644,debito
10645,debito
10646,credito
10647,credito
10648,credito
10649,credito
10650,pix
10651,credito
10652,boleto
10653,credito
10654,credito
10655,pix
10656,debito
10657,debito
10658,pix
10659,credito
10660,credito
10661,debito
10662,boleto
10663,credito
10664,credito
10665,credito
10666,credito
10667,credito
10668,credito
10669,pix
10670,credito
10671,credito
10672,credito
10673,credito
10674,credito
10675,credito
10676,credito
10677,debito
10678,credito
10679,debito
10680,credito
10681,boleto
10682,credito
10683,debito
10684,credito
10685,debito
10686,debito
10687,credito
10688,credito
10689,credito
10690,credito
10691,pix
10692,credito
10693,credito
10694,credito
10695,credito
10696,credito
10697,credito
10698,credito
10699,debito
10700,dinheiro
10701,credito
10702,credito
10703,credito
10704,credito
10705,credito
10706,credito
10707,credito
10708,credito
10709,debito
10710,pix
10711,debito
10712,boleto
10713,credito
10714,boleto
10715,credito
10716,credito
10717,boleto
10718,credito
10719,dinheiro
10720,boleto
10721,credito
10722,dinheiro
10723,credito
10724,credito
10725,pix
10726,debito
10727,credito
10728,credito
10729,credito
10730,credito
10731,credito
10732,credito
10733,credito
10734,boleto
10735,credito
10736,credito
10737,pix
10738,debito
10739,credito
10740,boleto
10741,credito
10742,credito
10743,credito
10744,credito
10745,pix
10746,credito
10747,boleto
10748,boleto
10749,credito
10750,boleto
10751,pix
10752,credito
10753,credito
10754,credito
10755,debito
10756,credito
10757,debito
10758,credito
10759,credito
10760,debito
10761,credito
10762,pix
10763,boleto
10764,credito
10765,credito
10766,credito
10767,credito
10768,pix
10769,credito
10770,credito
10771,credito
10772,credito
10773,credito
10774,dinheiro
10775,credito
10776,credito
10777,credito
10778,credito
10779,credito
10780,credito
10781,credito
10782,boleto
10783,dinheiro
10784,credito
10785,credito
10786,pix
10787,debito
10788,credito
10789,pix
10790,boleto
10791,debito
10792,credito
10793,boleto
10794,credito
10795,credito
10796,credito
10797,debito
10798,credito
10799,credito
10800,boleto
10801,credito
10802,credito
10803,boleto
10804,pix
10805,credito
10806,credito
10807,credito
10808,credito
10809,credito
10810,credito
10811,credito
10812,credito
10813,credito
10814,pix
10815,pix
10816,credito
10817,debito
10818,credito
10819,credito
10820,boleto
10821,credito
10822,dinheiro
10823,credito
10824,credito
10825,credito
10826,pix
10827,credito
10828,credito
10829,credito
10830,debito
10831,credito
10832,credito
10833,boleto
10834,debito
10835,credito
10836,credito
10837,credito
10838,credito
10839,boleto
10840,credito
10841,boleto
10842,credito
10843,credito
10844,credito
10845,credito
10846,credito
10847,pix
10848,boleto
10849,boleto
10850,pix
10851,credito
10852,credito
10853,credito
10854,credito
10855,debito
10856,credito
10857,credito
10858,dinheiro
10859,boleto
10860,credito
10861,debito
10862,credito
10863,pix
10864,credito
10865,credito
10866,credito
10867,debito
10868,pix
10869,dinheiro
10870,credito
10871,credito
10872,credito
10873,credito
10874,pix
10875,credito
10876,credito
10877,pix
10878,debito
10879,credito
10880,credito
10881,credito
10882,boleto
10883,debito
10884,debito
10885,credito
10886,credito
10887,pix
10888,credito
10889,pix
10890,credito
10891,credito
10892,pix
10893,pix
10894,pix
10895,debito
10896,debito
10897,credito
10898,debito
10899,credito
10900,credito
10901,credito
10902,credito
10903,credito
10904,credito
10905,credito
10906,pix
10907,credito
10908,credito
10909,credito
10910,credito
10911,credito
10912,credito
10913,credito
10914,credito
10915,credito
10916,credito
10917,credito
10918,pix
10919,pix
10920,pix
10921,pix
10922,pix
10923,pix
10924,boleto
10925,credito
10926,boleto
10927,pix
10928,credito
10929,credito
10930,credito
10931,credito
10932,credito
10933,credito
10934,credito
10935,credito
10936,credito
10937,credito
10938,dinheiro
10939,dinheiro
10940,dinheiro
10941,credito
10942,debito
10943,credito
10944,credito
10945,credito
10946,credito
10947,dinheiro
10948,credito
10949,credito
10950,pix
10951,pix
10952,credito
10953,credito
10954,credito
10955,credito
10956,credito
10957,dinheiro
10958,pix
10959,credito
10960,credito
10961,credito
10962,credito
10963,boleto
10964,credito
10965,credito
10966,credito
10967,credito
10968,pix
10969,boleto
10970,credito
10971,credito
10972,credito
10973,credito
10974,pix
10975,credito
10976,credito
10977,credito
10978,credito
10979,credito
10980,credito
10981,debito
10982,pix
10983,credito
10984,credito
10985,boleto
10986,debito
10987,dinheiro
10988,boleto
10989,credito
10990,credito
10991,credito
10992,pix
10993,pix
10994,credito
10995,pix
10996,credito
10997,credito
10998,credito
10999,credito
11000,credito
11001,credito
11002,credito
11003,pix
11004,credito
11005,credito
11006,credito
11007,credito
11008,dinheiro
11009,credito
11010,boleto
11011,credito
11012,credito
11013,credito
11014,pix
11015,credito
11016,debito
11017,dinheiro
11018,pix
11019,credito
11020,credito
11021,credito
11022,credito
11023,credito
11024,pix
11025,debito
11026,credito
11027,boleto
11028,credito
11029,credito
11030,credito
11031,credito
11032,boleto
11033,credito
11034,credito
11035,dinheiro
11036,credito
11037,credito
11038,debito
11039,pix
11040,credito
11041,credito
11042,credito
11043,credito
11044,credito
11045,credito
11046,credito
11047,pix
11048,credito
11049,credito
11050,credito
11051,debito
11052,credito
11053,credito
11054,boleto
11055,pix
11056,pix
11057,credito
11058,credito
11059,boleto
11060,pix
11061,credito
11062,credito
11063,credito
11064,credito
11065,credito
11066,credito
11067,credito
11068,credito
11069,debito
11070,credito
11071,pix
11072,credito
11073,pix
11074,dinheiro
11075,boleto
11076,credito
11077,pix
11078,credito
11079,pix
11080,credito
11081,boleto
11082,debito
11083,credito
11084,credito
11085,credito
11086,pix
11087,boleto
11088,credito
11089,credito
11090,credito
11091,credito
11092,pix
11093,credito
11094,debito
11095,credito
11096,credito
11097,boleto
11098,credito
11099,credito
11100,credito
11101,credito
11102,credito
11103,credito
11104,credito
11105,credito
11106,debito
11107,pix
11108,boleto
11109,dinheiro
11110,credito
11111,credito
11112,credito
11113,boleto
11114,credito
11115,credito
11116,debito
11117,credito
11118,credito
11119,credito
11120,credito
11121,dinheiro
11122,dinheiro
11123,credito
11124,pix
11125,credito
11126,pix
11127,credito
11128,credito
11129,credito
11130,debito
11131,boleto
11132,dinheiro
11133,credito
11134,pix
11135,credito
11136,credito
11137,credito
11138,pix
11139,pix
11140,credito
11141,boleto
11142,credito
11143,boleto
11144,credito
11145,credito
11146,credito
11147,credito
11148,boleto
11149,credito
11150,pix
11151,credito
11152,credito
11153,debito
11154,debito
11155,credito
11156,credito
11157,credito
11158,pix
11159,dinheiro
11160,credito
11161,debito
11162,credito
11163,debito
11164,debito
11165,boleto
11166,debito
11167,credito
11168,credito
11169,credito
11170,credito
11171,credito
11172,credito
11173,credito
11174,boleto
11175,debito
11176,boleto
11177,debito
11178,dinheiro
11179,boleto
11180,credito
11181,credito
11182,credito
11183,pix
11184,pix
11185,credito
11186,credito
11187,credito
11188,debito
11189,credito
11190,dinheiro
11191,credito
11192,debito
11193,pix
11194,credito
11195,credito
11196,credito
11197,credito
11198,credito
11199,boleto
11200,credito
11201,dinheiro
11202,credito
11203,credito
11204,credito
11205,boleto
11206,debito
11207,credito
11208,debito
11209,credito
11210,credito
11211,credito
11212,debito
11213,credito
11214,credito
11215,credito
11216,credito
11217,credito
11218,credito
11219,credito
11220,credito
11221,boleto
11222,boleto
11223,pix
11224,pix
11225,pix
11226,credito
11227,credito
11228,credito
11229,credito
11230,dinheiro
11231,credito
11232,boleto
11233,credito
11234,debito
11235,credito
11236,credito
11237,debito
11238,credito
11239,credito
11240,pix
11241,dinheiro
11242,credito
11243,credito
11244,pix
11245,credito
11246,credito
11247,debito
11248,credito
11249,credito
11250,credito
11251,pix
11252,debito
11253,credito
11254,boleto
11255,debito
11256,credito
11257,credito
11258,credito
11259,credito
11260,boleto
11261,credito
11262,pix
11263,debito
11264,credito
11265,debito
11266,pix
11267,boleto
11268,credito
11269,credito
11270,credito
11271,credito
11272,credito
11273,boleto
11274,credito
11275,credito
11276,credito
11277,credito
11278,credito
11279,dinheiro
11280,credito
11281,debito
11282,credito
11283,credito
11284,credito
11285,credito
11286,credito
11287,credito
11288,pix
11289,credito
11290,credito
11291,credito
11292,credito
11293,credito
11294,credito
11295,credito
11296,credito
11297,credito
11298,boleto
11299,credito
11300,credito
11301,credito
11302,credito
11303,credito
11304,credito
11305,credito
11306,credito
11307,credito
11308,credito
11309,credito
11310,credito
11311,credito
11312,dinheiro
11313,credito
11314,credito
11315,credito
11316,debito
11317,credito
11318,dinheiro
11319,credito
11320,boleto
11321,debito
11322,credito
11323,credito
11324,credito
11325,credito
11326,credito
11327,boleto
11328,credito
11329,credito
11330,credito
11331,credito
11332,credito
11333,credito
11334,credito
11335,debito
11336,credito
11337,dinheiro
11338,pix
11339,credito
11340,debito
11341,credito
11342,credito
11343,credito
11344,credito
11345,dinheiro
11346,credito
11347,boleto
11348,debito
11349,credito
11350,credito
11351,debito
11352,credito
11353,credito
11354,debito
11355,credito
11356,pix
11357,credito
11358,credito
11359,pix
11360,pix
11361,credito
11362,credito
11363,credito
11364,dinheiro
11365,credito
11366,pix
11367,credito
11368,pix
11369,pix
11370,pix
11371,credito
11372,credito
11373,credito
11374,dinheiro
11375,credito
11376,credito
11377,credito
11378,credito
11379,credito
11380,credito
11381,boleto
11382,boleto
11383,credito
11384,credito
11385,credito
11386,credito
11387,boleto
11388,pix
11389,credito
11390,pix
11391,credito
11392,credito
11393,credito
11394,credito
11395,credito
11396,credito
11397,credito
11398,credito
11399,credito
11400,credito
11401,credito
11402,debito
11403,credito
11404,credito
11405,debito
11406,credito
11407,pix
11408,pix
11409,debito
11410,pix
11411,credito
11412,credito
11413,credito
11414,debito
11415,credito
11416,credito
11417,pix
11418,debito
11419,credito
11420,debito
11421,credito
11422,credito
11423,credito
11424,dinheiro
11425,debito
11426,debito
11427,debito
11428,pix
11429,credito
11430,pix
11431,credito
11432,credito
11433,boleto
11434,pix
11435,credito
11436,credito
11437,credito
11438,credito
11439,credito
11440,pix
11441,credito
11442,boleto
11443,credito
11444,boleto
11445,pix
11446,credito
11447,credito
11448,credito
11449,pix
11450,credito
11451,credito
11452,credito
11453,credito
11454,credito
11455,boleto
11456,credito
11457,credito
11458,dinheiro
11459,boleto
11460,boleto
11461,credito
11462,credito
11463,dinheiro
11464,credito
11465,credito
11466,boleto
11467,credito
11468,credito
11469,credito
11470,credito
11471,pix
11472,debito
11473,credito
11474,debito
11475,boleto
11476,credito
11477,debito
11478,credito
11479,credito
11480,credito
11481,credito
11482,debito
11483,debito
11484,credito
11485,dinheiro
11486,credito
11487,boleto
11488,debito
11489,debito
11490,dinheiro
11491,credito
11492,credito
11493,credito
11494,credito
11495,boleto
11496,pix
11497,credito
11498,credito
11499,pix
11500,credito
11501,credito
11502,credito
11503,pix
11504,debito
11505,pix
11506,credito
11507,debito
11508,debito
11509,credito
11510,credito
11511,credito
11512,pix
11513,credito
11514,credito
11515,credito
11516,credito
11517,credito
11518,pix
11519,boleto
11520,credito
11521,pix
11522,credito
11523,pix
11524,debito
11525,credito
11526,credito
11527,credito
11528,credito
11529,credito
11530,credito
11531,credito
11532,credito
11533,credito
11534,credito
11535,credito
11536,credito
11537,boleto
11538,credito
11539,credito
11540,pix
11541,credito
11542,credito
11543,boleto
11544,credito
11545,credito
11546,credito
11547,debito
11548,credito
11549,credito
11550,credito
11551,debito
11552,dinheiro
11553,credito
11554,credito
11555,credito
11556,pix
11557,credito
11558,credito
11559,pix
11560,credito
11561,credito
11562,boleto
11563,credito
11564,pix
11565,credito
11566,credito
11567,credito
11568,credito
11569,credito
11570,debito
11571,boleto
11572,credito
11573,credito
11574,credito
11575,credito
11576,credito
11577,boleto
11578,credito
11579,credito
11580,credito
11581,debito
11582,dinheiro
11583,credito
11584,boleto
11585,credito
11586,credito
11587,credito
11588,debito
11589,credito
11590,credito
11591,credito
11592,credito
11593,credito
11594,credito
11595,credito
11596,credito
11597,credito
11598,credito
11599,credito
11600,boleto
11601,credito
11602,pix
11603,credito
11604,boleto
11605,pix
11606,credito
11607,boleto
11608,credito
11609,pix
11610,pix
11611,credito
11612,debito
11613,credito
11614,credito
11615,debito
11616,credito
11617,credito
11618,credito
11619,credito
11620,credito
11621,credito
11622,credito
11623,credito
11624,credito
11625,credito
11626,dinheiro
11627,credito
11628,pix
11629,credito
11630,pix
11631,credito
11632,credito
11633,credito
11634,debito
11635,pix
11636,credito
11637,pix
11638,boleto
11639,pix
11640,credito
11641,credito
11642,credito
11643,pix
11644,credito
11645,debito
11646,debito
11647,boleto
11648,credito
11649,pix
11650,pix
11651,credito
11652,credito
11653,debito
11654,credito
11655,credito
11656,credito
11657,pix
11658,debito
11659,debito
11660,pix
11661,credito
11662,credito
11663,debito
11664,dinheiro
11665,dinheiro
11666,credito
11667,pix
11668,credito
11669,credito
11670,credito
11671,boleto
11672,credito
11673,credito
11674,debito
11675,credito
11676,debito
11677,debito
11678,credito
11679,credito
11680,credito
11681,credito
11682,pix
11683,credito
11684,credito
11685,credito
11686,pix
11687,credito
11688,credito
11689,boleto
11690,debito
11691,debito
11692,credito
11693,credito
11694,credito
11695,credito
11696,pix
11697,debito
11698,credito
11699,credito
11700,pix
11701,dinheiro
11702,credito
11703,pix
11704,pix
11705,credito
11706,credito
11707,credito
11708,pix
11709,credito
11710,pix
11711,boleto
11712,credito
11713,credito
11714,pix
11715,credito
11716,credito
11717,credito
11718,pix
11719,credito
11720,credito
11721,debito
11722,credito
11723,credito
11724,credito
11725,debito
11726,dinheiro
11727,credito
11728,credito
11729,debito
11730,credito
11731,pix
11732,credito
11733,boleto
11734,pix
11735,boleto
11736,debito
11737,credito
11738,credito
11739,credito
11740,credito
11741,pix
11742,credito
11743,debito
11744,credito
11745,credito
11746,credito
11747,credito
11748,pix
11749,credito
11750,debito
11751,credito
11752,credito
11753,credito
11754,boleto
11755,credito
11756,credito
11757,debito
11758,debito
11759,credito
11760,credito
11761,credito
11762,credito
11763,pix
11764,credito
11765,credito
11766,pix
11767,debito
11768,pix
11769,credito
11770,credito
11771,credito
11772,pix
11773,credito
11774,credito
11775,credito
11776,debito
11777,pix
11778,dinheiro
11779,debito
11780,credito
11781,credito
11782,credito
11783,credito
11784,credito
11785,dinheiro
11786,debito
11787,credito
11788,credito
11789,dinheiro
11790,pix
11791,credito
11792,dinheiro
11793,credito
11794,pix
11795,credito
11796,credito
11797,dinheiro
11798,credito
11799,boleto
11800,credito
11801,credito
11802,debito
11803,credito
11804,credito
11805,boleto
11806,credito
11807,credito
11808,debito
11809,credito
11810,credito
11811,dinheiro
11812,dinheiro
11813,debito
11814,pix
11815,credito
11816,boleto
11817,credito
11818,credito
11819,debito
11820,credito
11821,credito
11822,credito
11823,pix
11824,credito
11825,boleto
11826,boleto
11827,credito
11828,credito
11829,credito
11830,credito
11831,debito
11832,debito
11833,credito
11834,debito
11835,debito
11836,debito
11837,credito
11838,debito
11839,credito
11840,credito
11841,credito
11842,credito
11843,pix
11844,pix
11845,credito
11846,debito
11847,debito
11848,credito
11849,credito
11850,credito
11851,credito
11852,boleto
11853,boleto
11854,credito
11855,credito
11856,credito
11857,pix
11858,pix
11859,credito
11860,debito
11861,boleto
11862,credito
11863,credito
11864,credito
11865,pix
11866,credito
11867,credito
11868,credito
11869,pix
11870,credito
11871,pix
11872,credito
11873,credito
11874,credito
11875,boleto
11876,boleto
11877,credito
11878,credito
11879,credito
11880,credito
11881,credito
11882,credito
11883,dinheiro
11884,credito
11885,credito
11886,credito
11887,pix
11888,boleto
11889,credito
11890,pix
11891,credito
11892,credito
11893,pix
11894,credito
11895,credito
11896,dinheiro
11897,pix
11898,credito
11899,credito
11900,credito
11901,credito
11902,credito
11903,credito
11904,pix
11905,credito
11906,credito
11907,credito
11908,credito
11909,debito
11910,credito
11911,credito
11912,credito
11913,debito
11914,credito
11915,debito
11916,debito
11917,pix
11918,boleto
11919,credito
11920,credito
11921,credito
11922,credito
11923,credito
11924,credito
11925,credito
11926,credito
11927,credito
11928,credito
11929,debito
11930,pix
11931,credito
11932,pix
11933,pix
11934,credito
11935,credito
11936,boleto
11937,pix
11938,pix
11939,credito
11940,credito
11941,credito
11942,boleto
11943,debito
11944,credito
11945,pix
11946,credito
11947,pix
11948,credito
11949,credito
11950,boleto
11951,pix
11952,credito
11953,credito
11954,boleto
11955,credito
11956,credito
11957,credito
11958,credito
11959,credito
11960,credito
11961,dinheiro
11962,pix
11963,credito
11964,pix
11965,credito
11966,credito
11967,credito
11968,debito
11969,credito
11970,credito
11971,credito
11972,credito
11973,credito
11974,debito
11975,debito
11976,boleto
11977,pix
11978,pix
11979,credito
11980,credito
11981,pix
11982,credito
11983,credito
11984,debito
11985,pix
11986,credito
11987,debito
11988,pix
11989,pix
11990,credito
11991,dinheiro
11992,credito
11993,credito
11994,boleto
11995,credito
11996,credito
11997,credito
11998,credito
11999,credito
